YEAR,MONTH,DAY,KOSPI,È¯À²
2009,1,2,1157.40 ,1257.50 
2009,1,5,1173.57 ,1320.20 
2009,1,6,1194.28 ,1307.30 
2009,1,7,1228.17 ,1312.20 
2009,1,8,1205.70 ,1292.10 
2009,1,9,1180.96 ,1321.00 
2009,1,12,1156.75 ,1329.30 
2009,1,13,1167.71 ,1360.30 
2009,1,14,1182.68 ,1362.40 
2009,1,15,1111.34 ,1344.60 
2009,1,16,1135.20 ,1372.60 
2009,1,19,1150.65 ,1372.00 
2009,1,20,1126.81 ,1359.90 
2009,1,21,1103.61 ,1375.60 
2009,1,22,1116.23 ,1374.50 
2009,1,23,1093.40 ,1371.80 
2009,1,28,1157.98 ,1391.00 
2009,1,29,1166.56 ,1383.10 
2009,1,30,1162.11 ,1368.50 
2009,2,2,1146.95 ,1382.50 
2009,2,3,1163.20 ,1392.10 
2009,2,4,1195.37 ,1390.50 
2009,2,5,1177.88 ,1376.20 
2009,2,6,1210.26 ,1382.70 
2009,2,9,1202.69 ,1379.10 
2009,2,10,1198.87 ,1376.20 
2009,2,11,1190.18 ,1387.00 
2009,2,12,1179.84 ,1397.70 
2009,2,13,1192.44 ,1394.80 
2009,2,16,1175.47 ,1402.20 
2009,2,17,1127.19 ,1411.40 
2009,2,18,1113.19 ,1444.60 
2009,2,19,1107.10 ,1465.70 
2009,2,20,1065.95 ,1474.00 
2009,2,23,1099.55 ,1500.50 
2009,2,24,1063.88 ,1496.60 
2009,2,25,1067.08 ,1510.80 
2009,2,26,1054.79 ,1508.20 
2009,2,27,1063.03 ,1516.40 
2009,3,2,1018.81 ,1525.20 
2009,3,3,1025.57 ,1573.60 
2009,3,4,1059.26 ,1570.40 
2009,3,5,1058.18 ,1559.50 
2009,3,6,1055.03 ,1545.30 
2009,3,9,1071.73 ,1567.70 
2009,3,10,1092.20 ,1548.80 
2009,3,11,1127.51 ,1529.50 
2009,3,12,1128.39 ,1480.00 
2009,3,13,1126.03 ,1487.40 
2009,3,16,1125.46 ,1482.40 
2009,3,17,1163.88 ,1458.00 
2009,3,18,1169.95 ,1416.70 
2009,3,19,1161.81 ,1415.40 
2009,3,20,1170.94 ,1391.40 
2009,3,23,1199.50 ,1399.30 
2009,3,24,1221.70 ,1396.30 
2009,3,25,1229.02 ,1382.10 
2009,3,26,1243.80 ,1384.80 
2009,3,27,1237.51 ,1343.70 
2009,3,30,1197.46 ,1328.90 
2009,3,31,1206.26 ,1377.10 
2009,4,1,1233.36 ,1398.20 
2009,4,2,1276.97 ,1376.80 
2009,4,3,1283.75 ,1349.50 
2009,4,6,1297.85 ,1332.60 
2009,4,7,1300.10 ,1316.20 
2009,4,8,1262.07 ,1324.30 
2009,4,9,1316.35 ,1346.80 
2009,4,10,1336.04 ,1337.20 
2009,4,13,1338.26 ,1321.30 
2009,4,14,1342.63 ,1332.20 
2009,4,15,1333.09 ,1325.30 
2009,4,16,1336.72 ,1337.60 
2009,4,17,1329.00 ,1325.90 
2009,4,20,1336.39 ,1328.10 
2009,4,21,1336.81 ,1340.60 
2009,4,22,1356.02 ,1352.40 
2009,4,23,1368.80 ,1345.90 
2009,4,24,1354.10 ,1349.10 
2009,4,27,1339.83 ,1341.70 
2009,4,28,1300.24 ,1340.30 
2009,4,29,1338.42 ,1351.70 
2009,4,30,1369.36 ,1348.00 
2009,5,4,1397.92 ,1307.30 
2009,5,6,1393.45 ,1274.60 
2009,5,7,1401.08 ,1278.50 
2009,5,8,1412.13 ,1262.40 
2009,5,11,1415.16 ,1256.00 
2009,5,12,1403.51 ,1236.10 
2009,5,13,1414.52 ,1244.80 
2009,5,14,1380.95 ,1238.90 
2009,5,15,1391.73 ,1259.70 
2009,5,18,1386.68 ,1261.70 
2009,5,19,1428.21 ,1267.50 
2009,5,20,1435.70 ,1243.40 
2009,5,21,1421.65 ,1250.20 
2009,5,22,1403.75 ,1247.60 
2009,5,25,1400.90 ,1242.40 
2009,5,26,1372.04 ,1252.50 
2009,5,27,1362.02 ,1260.20 
2009,5,28,1392.17 ,1258.80 
2009,5,29,1395.89 ,1272.90 
2009,6,1,1415.10 ,1258.80 
2009,6,2,1412.85 ,1248.70 
2009,6,3,1414.89 ,1237.30 
2009,6,4,1378.14 ,1236.70 
2009,6,5,1394.71 ,1246.50 
2009,6,8,1393.30 ,1245.40 
2009,6,9,1371.84 ,1251.50 
2009,6,10,1414.88 ,1258.40 
2009,6,11,1419.39 ,1252.80 
2009,6,12,1428.59 ,1251.30 
2009,6,15,1412.42 ,1251.40 
2009,6,16,1399.15 ,1260.90 
2009,6,17,1391.17 ,1266.10 
2009,6,18,1375.76 ,1260.00 
2009,6,19,1383.34 ,1263.20 
2009,6,22,1399.71 ,1266.40 
2009,6,23,1360.54 ,1270.40 
2009,6,24,1363.79 ,1287.70 
2009,6,25,1392.73 ,1281.00 
2009,6,26,1394.53 ,1283.60 
2009,6,29,1388.45 ,1286.90 
2009,6,30,1390.07 ,1284.70 
2009,7,1,1411.66 ,1277.90 
2009,7,2,1411.48 ,1269.10 
2009,7,3,1420.04 ,1263.50 
2009,7,6,1428.94 ,1272.20 
2009,7,7,1434.20 ,1267.00 
2009,7,8,1431.02 ,1268.60 
2009,7,9,1430.89 ,1278.80 
2009,7,10,1428.62 ,1278.90 
2009,7,13,1378.12 ,1277.70 
2009,7,14,1385.56 ,1291.40 
2009,7,15,1420.86 ,1295.70 
2009,7,16,1432.22 ,1282.60 
2009,7,17,1440.10 ,1266.70 
2009,7,20,1478.51 ,1261.20 
2009,7,21,1488.99 ,1252.50 
2009,7,22,1494.04 ,1250.00 
2009,7,23,1496.49 ,1251.00 
2009,7,24,1502.59 ,1250.60 
2009,7,27,1524.05 ,1247.50 
2009,7,28,1526.03 ,1246.40 
2009,7,29,1524.32 ,1241.90 
2009,7,30,1534.74 ,1239.50 
2009,7,31,1557.29 ,1240.50 
2009,8,3,1564.98 ,1230.70 
2009,8,4,1566.37 ,1222.30 
2009,8,5,1559.47 ,1218.70 
2009,8,6,1565.04 ,1220.90 
2009,8,7,1576.00 ,1222.80 
2009,8,10,1576.11 ,1226.30 
2009,8,11,1579.21 ,1223.60 
2009,8,12,1565.35 ,1237.70 
2009,8,13,1564.64 ,1248.10 
2009,8,14,1591.41 ,1237.10 
2009,8,17,1547.06 ,1235.00 
2009,8,18,1550.24 ,1249.20 
2009,8,19,1545.96 ,1256.70 
2009,8,20,1576.39 ,1250.50 
2009,8,21,1580.98 ,1247.80 
2009,8,24,1612.22 ,1248.20 
2009,8,25,1601.38 ,1242.10 
2009,8,26,1614.12 ,1246.70 
2009,8,27,1599.33 ,1248.10 
2009,8,28,1607.94 ,1248.90 
2009,8,31,1591.85 ,1244.90 
2009,9,1,1623.06 ,1246.90 
2009,9,2,1613.16 ,1245.80 
2009,9,3,1613.53 ,1249.80 
2009,9,4,1608.90 ,1246.90 
2009,9,7,1608.57 ,1243.80 
2009,9,8,1619.69 ,1235.00 
2009,9,9,1607.77 ,1232.10 
2009,9,10,1644.68 ,1225.90 
2009,9,11,1651.70 ,1225.90 
2009,9,14,1634.91 ,1222.10 
2009,9,15,1653.40 ,1224.80 
2009,9,16,1683.33 ,1220.60 
2009,9,17,1695.47 ,1211.60 
2009,9,18,1699.71 ,1206.10 
2009,9,21,1695.50 ,1208.00 
2009,9,22,1718.88 ,1205.80 
2009,9,23,1711.47 ,1204.10 
2009,9,24,1693.88 ,1195.40 
2009,9,25,1691.48 ,1196.40 
2009,9,28,1675.55 ,1192.90 
2009,9,29,1690.05 ,1192.80 
2009,9,30,1673.14 ,1188.70 
2009,10,1,1644.63 ,1181.40 
2009,10,5,1606.90 ,1175.20 
2009,10,6,1598.44 ,1173.20 
2009,10,7,1598.00 ,1170.20 
2009,10,8,1615.46 ,1170.80 
2009,10,9,1646.79 ,1168.40 
2009,10,12,1639.81 ,1166.60 
2009,10,13,1628.93 ,1170.00 
2009,10,14,1649.09 ,1168.00 
2009,10,15,1658.99 ,1167.70 
2009,10,16,1640.36 ,1158.40 
2009,10,19,1649.07 ,1158.80 
2009,10,20,1659.15 ,1176.20 
2009,10,21,1653.86 ,1166.70 
2009,10,22,1630.33 ,1179.10 
2009,10,23,1640.17 ,1183.20 
2009,10,26,1657.11 ,1184.60 
2009,10,27,1649.53 ,1180.40 
2009,10,28,1609.71 ,1187.10 
2009,10,29,1585.85 ,1193.60 
2009,10,30,1580.69 ,1200.60 
2009,11,2,1559.09 ,1183.40 
2009,11,3,1549.92 ,1188.20 
2009,11,4,1579.93 ,1178.90 
2009,11,5,1552.24 ,1181.20 
2009,11,6,1572.46 ,1178.50 
2009,11,9,1576.79 ,1171.20 
2009,11,10,1582.30 ,1161.60 
2009,11,11,1594.82 ,1158.70 
2009,11,12,1572.73 ,1159.50 
2009,11,13,1571.99 ,1157.40 
2009,11,16,1592.47 ,1161.10 
2009,11,17,1585.98 ,1155.10 
2009,11,18,1603.97 ,1152.80 
2009,11,19,1620.54 ,1153.30 
2009,11,20,1620.60 ,1156.20 
2009,11,23,1619.05 ,1162.60 
2009,11,24,1606.42 ,1157.10 
2009,11,25,1611.88 ,1156.10 
2009,11,26,1599.52 ,1155.00 
2009,11,27,1524.50 ,1153.60 
2009,11,30,1555.60 ,1167.40 
2009,12,1,1569.72 ,1161.80 
2009,12,2,1591.63 ,1162.20 
2009,12,3,1615.00 ,1154.40 
2009,12,4,1624.76 ,1155.70 
2009,12,7,1632.65 ,1152.90 
2009,12,8,1627.78 ,1155.80 
2009,12,9,1634.17 ,1154.60 
2009,12,10,1652.73 ,1161.80 
2009,12,11,1656.90 ,1163.20 
2009,12,14,1664.77 ,1164.90 
2009,12,15,1665.85 ,1163.60 
2009,12,16,1664.24 ,1161.60 
2009,12,17,1647.84 ,1166.00 
2009,12,18,1647.04 ,1173.70 
2009,12,21,1644.23 ,1178.10 
2009,12,22,1655.54 ,1179.60 
2009,12,23,1661.35 ,1183.40 
2009,12,24,1682.34 ,1183.60 
2009,12,28,1685.59 ,1176.70 
2009,12,29,1672.48 ,1169.90 
2009,12,30,1682.77 ,1170.90 
2009,12,31,,1167.60 
2010,1,4,1696.14 ,1167.60 
2010,1,5,1690.62 ,1156.20 
2010,1,6,1705.32 ,1144.30 
2010,1,7,1683.45 ,1138.20 
2010,1,8,1695.26 ,1133.20 
2010,1,11,1694.12 ,1132.90 
2010,1,12,1698.64 ,1119.80 
2010,1,13,1671.41 ,1124.20 
2010,1,14,1685.77 ,1126.40 
2010,1,15,1701.80 ,1122.10 
2010,1,18,1711.78 ,1123.20 
2010,1,19,1710.22 ,1126.90 
2010,1,20,1714.38 ,1124.30 
2010,1,21,1722.01 ,1132.30 
2010,1,22,1684.35 ,1138.50 
2010,1,25,1670.20 ,1150.10 
2010,1,26,1637.34 ,1149.10 
2010,1,27,1625.48 ,1151.20 
2010,1,28,1642.43 ,1159.40 
2010,1,29,1602.43 ,1156.50 
2010,2,1,1606.44 ,1157.90 
2010,2,2,1595.81 ,1167.80 
2010,2,3,1615.02 ,1160.10 
2010,2,4,1616.42 ,1152.20 
2010,2,5,1567.12 ,1153.30 
2010,2,8,1552.79 ,1171.00 
2010,2,9,1570.49 ,1172.60 
2010,2,10,1570.12 ,1166.60 
2010,2,11,1597.81 ,1157.90 
2010,2,12,1593.66 ,1157.10 
2010,2,16,1601.05 ,1154.90 
2010,2,17,1627.43 ,1152.90 
2010,2,18,1621.19 ,1142.70 
2010,2,19,1593.90 ,1147.50 
2010,2,22,1627.10 ,1157.80 
2010,2,23,1628.90 ,1149.30 
2010,2,24,1612.83 ,1148.50 
2010,2,25,1587.51 ,1156.10 
2010,2,26,1594.58 ,1158.40 
2010,3,2,1615.12 ,1160.20 
2010,3,3,1622.44 ,1152.70 
2010,3,4,1618.20 ,1146.60 
2010,3,5,1634.57 ,1143.80 
2010,3,8,1660.04 ,1141.90 
2010,3,9,1660.83 ,1133.70 
2010,3,10,1662.24 ,1134.50 
2010,3,11,1656.62 ,1132.70 
2010,3,12,1662.74 ,1131.00 
2010,3,15,1649.50 ,1131.10 
2010,3,16,1648.01 ,1133.90 
2010,3,17,1682.86 ,1133.70 
2010,3,18,1675.17 ,1129.50 
2010,3,19,1686.11 ,1131.30 
2010,3,22,1672.67 ,1132.90 
2010,3,23,1681.82 ,1136.50 
2010,3,24,1681.01 ,1134.30 
2010,3,25,1688.39 ,1135.50 
2010,3,26,1697.72 ,1141.20 
2010,3,29,1691.99 ,1141.70 
2010,3,30,1700.19 ,1138.60 
2010,3,31,1692.85 ,1130.80 
2010,4,1,1719.17 ,1132.50 
2010,4,2,1723.49 ,1128.30 
2010,4,5,1724.99 ,1124.30 
2010,4,6,1726.09 ,1125.10 
2010,4,7,1726.60 ,1123.10 
2010,4,8,1733.78 ,1121.80 
2010,4,9,1724.47 ,1123.20 
2010,4,12,1710.30 ,1118.80 
2010,4,13,1710.59 ,1113.00 
2010,4,14,1735.33 ,1120.10 
2010,4,15,1743.91 ,1115.70 
2010,4,16,1734.49 ,1108.70 
2010,4,19,1705.30 ,1113.20 
2010,4,20,1718.03 ,1117.00 
2010,4,21,1747.58 ,1115.80 
2010,4,22,1739.52 ,1110.10 
2010,4,23,1737.03 ,1110.50 
2010,4,26,1752.20 ,1110.00 
2010,4,27,1749.55 ,1104.00 
2010,4,28,1733.91 ,1106.80 
2010,4,29,1728.42 ,1118.90 
2010,4,30,1741.56 ,1115.50 
2010,5,3,1721.21 ,1108.50 
2010,5,4,1718.75 ,1115.80 
2010,5,6,1684.71 ,1114.60 
2010,5,7,1647.50 ,1137.10 
2010,5,10,1677.63 ,1158.70 
2010,5,11,1670.24 ,1133.80 
2010,5,12,1663.03 ,1130.10 
2010,5,13,1694.58 ,1138.10 
2010,5,14,1695.63 ,1131.00 
2010,5,17,1651.51 ,1133.10 
2010,5,18,1643.24 ,1149.90 
2010,5,19,1630.08 ,1150.20 
2010,5,20,1600.18 ,1165.10 
2010,5,24,1604.93 ,1178.60 
2010,5,25,1560.83 ,1212.00 
2010,5,26,1582.12 ,1255.10 
2010,5,27,1607.50 ,1252.90 
2010,5,28,1622.78 ,1234.20 
2010,5,31,1641.25 ,1200.20 
2010,6,1,1630.40 ,1201.60 
2010,6,3,1661.84 ,1208.90 
2010,6,4,1664.13 ,1204.70 
2010,6,7,1637.97 ,1201.10 
2010,6,8,1651.48 ,1234.80 
2010,6,9,1647.22 ,1233.50 
2010,6,10,1651.70 ,1242.20 
2010,6,11,1675.34 ,1261.50 
2010,6,14,1690.60 ,1240.90 
2010,6,15,1690.03 ,1225.00 
2010,6,16,1705.33 ,1223.90 
2010,6,17,1707.92 ,1211.00 
2010,6,18,1711.95 ,1215.90 
2010,6,21,1739.68 ,1205.90 
2010,6,22,1731.48 ,1176.70 
2010,6,23,1725.82 ,1182.60 
2010,6,24,1739.87 ,1188.20 
2010,6,25,1729.84 ,1185.20 
2010,6,28,1732.03 ,1204.70 
2010,6,29,1707.76 ,1200.40 
2010,6,30,1698.29 ,1210.30 
2010,7,1,1686.24 ,1230.10 
2010,7,2,1671.82 ,1231.20 
2010,7,5,1675.37 ,1221.20 
2010,7,6,1684.94 ,1223.60 
2010,7,7,1675.65 ,1228.60 
2010,7,8,1698.64 ,1221.80 
2010,7,9,1723.01 ,1211.20 
2010,7,12,1734.05 ,1198.80 
2010,7,13,1735.08 ,1197.50 
2010,7,14,1758.01 ,1204.60 
2010,7,15,1751.29 ,1199.20 
2010,7,16,1738.45 ,1204.70 
2010,7,19,1731.95 ,1201.10 
2010,7,20,1736.77 ,1215.90 
2010,7,21,1748.78 ,1211.80 
2010,7,22,1735.53 ,1203.60 
2010,7,23,1758.06 ,1206.90 
2010,7,26,1769.07 ,1197.20 
2010,7,27,1768.31 ,1194.40 
2010,7,28,1773.47 ,1183.60 
2010,7,29,1770.88 ,1186.50 
2010,7,30,1759.33 ,1187.20 
2010,8,2,1782.27 ,1185.00 
2010,8,3,1790.60 ,1173.40 
2010,8,4,1789.26 ,1168.70 
2010,8,5,1783.86 ,1169.50 
2010,8,6,1783.83 ,1168.20 
2010,8,9,1790.17 ,1165.70 
2010,8,10,1781.13 ,1159.10 
2010,8,11,1758.19 ,1167.20 
2010,8,12,1721.75 ,1177.30 
2010,8,13,1746.24 ,1193.60 
2010,8,16,1743.31 ,1186.70 
2010,8,17,1755.03 ,1193.20 
2010,8,18,1761.99 ,1178.70 
2010,8,19,1779.64 ,1173.90 
2010,8,20,1775.54 ,1173.30 
2010,8,23,1767.71 ,1179.90 
2010,8,24,1760.53 ,1181.80 
2010,8,25,1734.79 ,1189.00 
2010,8,26,1729.76 ,1195.40 
2010,8,27,1729.56 ,1194.40 
2010,8,30,1760.13 ,1195.20 
2010,8,31,1742.75 ,1189.10 
2010,9,1,1764.69 ,1196.80 
2010,9,2,1775.73 ,1190.60 
2010,9,3,1780.02 ,1181.00 
2010,9,6,1792.42 ,1177.80 
2010,9,7,1787.74 ,1171.20 
2010,9,8,1779.22 ,1176.40 
2010,9,9,1784.36 ,1176.20 
2010,9,10,1802.58 ,1169.10 
2010,9,13,1818.86 ,1166.40 
2010,9,14,1815.25 ,1161.40 
2010,9,15,1823.88 ,1161.40 
2010,9,16,1811.85 ,1160.80 
2010,9,17,1827.35 ,1163.20 
2010,9,20,1832.63 ,1163.10 
2010,9,24,1846.60 ,1162.10 
2010,9,27,1860.83 ,1156.40 
2010,9,28,1855.97 ,1148.80 
2010,9,29,1866.45 ,1148.50 
2010,9,30,1872.81 ,1142.00 
2010,10,1,1876.73 ,1141.30 
2010,10,4,1879.29 ,1134.40 
2010,10,5,1878.94 ,1124.10 
2010,10,6,1903.95 ,1130.70 
2010,10,7,1900.85 ,1120.10 
2010,10,8,1897.07 ,1117.40 
2010,10,11,1889.91 ,1119.70 
2010,10,12,1868.04 ,1115.40 
2010,10,13,1876.15 ,1127.00 
2010,10,14,1899.76 ,1119.50 
2010,10,15,1902.29 ,1112.80 
2010,10,18,1875.42 ,1114.70 
2010,10,19,1857.32 ,1117.20 
2010,10,20,1870.44 ,1123.60 
2010,10,21,1874.69 ,1131.30 
2010,10,22,1897.31 ,1126.20 
2010,10,25,1915.71 ,1129.50 
2010,10,26,1919.41 ,1117.20 
2010,10,27,1909.54 ,1117.70 
2010,10,28,1907.87 ,1126.00 
2010,10,29,1882.95 ,1126.60 
2010,11,1,1914.74 ,1124.20 
2010,11,2,1918.04 ,1117.40 
2010,11,3,1935.97 ,1114.90 
2010,11,4,1942.50 ,1110.30 
2010,11,5,1938.96 ,1107.00 
2010,11,8,1942.41 ,1106.10 
2010,11,9,1947.46 ,1113.10 
2010,11,10,1967.85 ,1115.80 
2010,11,11,1914.73 ,1114.30 
2010,11,12,1913.12 ,1107.50 
2010,11,15,1913.81 ,1119.50 
2010,11,16,1899.13 ,1129.20 
2010,11,17,1897.11 ,1129.20 
2010,11,18,1927.86 ,1138.50 
2010,11,19,1940.96 ,1138.90 
2010,11,22,1944.34 ,1131.70 
2010,11,23,1928.94 ,1126.50 
2010,11,24,1925.98 ,1134.20 
2010,11,25,1927.68 ,1148.90 
2010,11,26,1901.80 ,1144.40 
2010,11,29,1895.54 ,1147.60 
2010,11,30,1904.63 ,1157.30 
2010,12,1,1929.32 ,1154.50 
2010,12,2,1950.26 ,1154.20 
2010,12,3,1957.26 ,1149.30 
2010,12,6,1953.64 ,1143.50 
2010,12,7,1962.52 ,1133.60 
2010,12,8,1955.72 ,1134.20 
2010,12,9,1988.96 ,1140.70 
2010,12,10,1986.14 ,1138.40 
2010,12,13,1996.59 ,1141.60 
2010,12,14,2009.05 ,1143.50 
2010,12,15,2017.48 ,1141.40 
2010,12,16,2009.24 ,1151.20 
2010,12,17,2026.30 ,1156.50 
2010,12,20,2020.28 ,1150.80 
2010,12,21,2037.09 ,1164.90 
2010,12,22,2038.11 ,1153.30 
2010,12,23,2037.53 ,1155.50 
2010,12,24,2029.60 ,1151.50 
2010,12,27,2022.19 ,1152.00 
2010,12,28,2033.32 ,1150.60 
2010,12,29,2043.49 ,1147.50 
2010,12,30,2051.00 ,1146.10 
2010,12,31,,1138.90 
2011,1,3,2070.08 ,1138.90 
2011,1,4,2085.14 ,1127.50 
2011,1,5,2082.55 ,1122.30 
2011,1,6,2077.61 ,1125.00 
2011,1,7,2086.20 ,1123.10 
2011,1,10,2080.81 ,1122.10 
2011,1,11,2088.32 ,1120.60 
2011,1,12,2094.95 ,1126.20 
2011,1,13,2089.48 ,1120.00 
2011,1,14,2108.17 ,1112.20 
2011,1,17,2099.85 ,1114.70 
2011,1,18,2096.48 ,1114.70 
2011,1,19,2115.69 ,1116.80 
2011,1,20,2106.66 ,1112.50 
2011,1,21,2069.92 ,1118.20 
2011,1,24,2082.16 ,1122.00 
2011,1,25,2086.67 ,1120.30 
2011,1,26,2110.46 ,1117.60 
2011,1,27,2115.01 ,1118.20 
2011,1,28,2107.87 ,1114.30 
2011,1,31,2069.73 ,1114.30 
2011,2,1,2072.03 ,1122.70 
2011,2,7,2081.74 ,1116.70 
2011,2,8,2069.70 ,1107.00 
2011,2,9,2045.58 ,1104.40 
2011,2,10,2008.50 ,1104.80 
2011,2,11,1977.19 ,1112.90 
2011,2,14,2014.59 ,1120.70 
2011,2,15,2010.52 ,1123.90 
2011,2,16,1989.11 ,1122.50 
2011,2,17,1977.22 ,1120.70 
2011,2,18,2013.14 ,1116.20 
2011,2,21,2005.30 ,1113.00 
2011,2,22,1969.92 ,1116.40 
2011,2,23,1961.63 ,1125.90 
2011,2,24,1949.88 ,1125.80 
2011,2,25,1963.43 ,1126.90 
2011,2,28,1939.30 ,1127.90 
2011,3,2,1928.24 ,1128.80 
2011,3,3,1970.66 ,1128.40 
2011,3,4,2004.68 ,1122.60 
2011,3,7,1980.27 ,1116.20 
2011,3,8,1996.32 ,1117.90 
2011,3,9,2001.47 ,1117.40 
2011,3,10,1981.58 ,1115.20 
2011,3,11,1955.54 ,1118.40 
2011,3,14,1971.23 ,1124.50 
2011,3,15,1923.92 ,1129.80 
2011,3,16,1957.97 ,1131.30 
2011,3,17,1959.03 ,1132.80 
2011,3,18,1981.13 ,1137.60 
2011,3,21,2003.42 ,1128.30 
2011,3,22,2013.86 ,1125.90 
2011,3,23,2012.18 ,1121.70 
2011,3,24,2036.78 ,1123.70 
2011,3,25,2054.04 ,1122.80 
2011,3,28,2056.39 ,1114.50 
2011,3,29,2072.13 ,1114.20 
2011,3,30,2091.38 ,1114.60 
2011,3,31,2106.70 ,1107.20 
2011,4,1,2121.01 ,1100.10 
2011,4,4,2115.87 ,1094.60 
2011,4,5,2130.43 ,1086.90 
2011,4,6,2126.71 ,1089.70 
2011,4,7,2122.14 ,1085.50 
2011,4,8,2127.97 ,1088.00 
2011,4,11,2122.39 ,1085.40 
2011,4,12,2089.40 ,1084.40 
2011,4,13,2121.92 ,1091.70 
2011,4,14,2141.06 ,1092.50 
2011,4,15,2140.50 ,1089.40 
2011,4,18,2137.72 ,1087.90 
2011,4,19,2122.68 ,1089.90 
2011,4,20,2169.91 ,1092.80 
2011,4,21,2198.54 ,1083.70 
2011,4,22,2197.82 ,1080.10 
2011,4,25,2216.00 ,1081.80 
2011,4,26,2206.30 ,1081.50 
2011,4,27,2206.70 ,1085.50 
2011,4,28,2208.35 ,1079.90 
2011,4,29,2192.36 ,1072.30 
2011,5,2,2228.96 ,1073.30 
2011,5,3,2200.73 ,1066.80 
2011,5,4,2180.64 ,1070.20 
2011,5,6,2147.45 ,1074.60 
2011,5,9,2139.17 ,1085.00 
2011,5,11,2166.63 ,1079.90 
2011,5,12,2122.65 ,1074.90 
2011,5,13,2120.08 ,1082.70 
2011,5,16,2104.18 ,1088.90 
2011,5,17,2102.41 ,1092.80 
2011,5,18,2135.78 ,1091.40 
2011,5,19,2095.51 ,1086.70 
2011,5,20,2111.50 ,1084.70 
2011,5,23,2055.71 ,1082.70 
2011,5,24,2061.76 ,1091.70 
2011,5,25,2035.87 ,1094.80 
2011,5,26,2091.91 ,1096.30 
2011,5,27,2100.24 ,1090.50 
2011,5,30,2093.79 ,1082.20 
2011,5,31,2142.47 ,1080.60 
2011,6,1,2141.34 ,1076.90 
2011,6,2,2114.20 ,1076.40 
2011,6,3,2113.47 ,1080.40 
2011,6,7,2099.71 ,1077.50 
2011,6,8,2083.35 ,1080.60 
2011,6,9,2071.42 ,1081.50 
2011,6,10,2046.67 ,1083.10 
2011,6,13,2048.74 ,1081.20 
2011,6,14,2076.83 ,1085.90 
2011,6,15,2086.53 ,1083.50 
2011,6,16,2046.63 ,1082.50 
2011,6,17,2031.93 ,1088.90 
2011,6,20,2019.65 ,1087.20 
2011,6,21,2048.17 ,1083.20 
2011,6,22,2063.90 ,1081.70 
2011,6,23,2055.86 ,1075.00 
2011,6,24,2090.81 ,1076.70 
2011,6,27,2070.29 ,1077.90 
2011,6,28,2062.91 ,1086.70 
2011,6,29,2094.42 ,1081.80 
2011,6,30,2100.69 ,1078.10 
2011,7,1,2125.74 ,1070.10 
2011,7,4,2145.30 ,1066.40 
2011,7,5,2161.75 ,1063.80 
2011,7,6,2171.19 ,1065.60 
2011,7,7,2180.59 ,1064.90 
2011,7,8,2180.35 ,1064.30 
2011,7,11,2157.16 ,1058.40 
2011,7,12,2109.73 ,1059.70 
2011,7,13,2129.64 ,1066.20 
2011,7,14,2130.07 ,1063.20 
2011,7,15,2145.20 ,1056.70 
2011,7,18,2130.48 ,1057.30 
2011,7,19,2130.21 ,1061.20 
2011,7,20,2154.95 ,1059.70 
2011,7,21,2145.04 ,1055.30 
2011,7,22,2171.23 ,1055.30 
2011,7,25,2150.48 ,1051.20 
2011,7,26,2168.70 ,1054.50 
2011,7,27,2174.31 ,1052.90 
2011,7,28,2155.85 ,1050.20 
2011,7,29,2133.21 ,1052.60 
2011,8,1,2172.31 ,1053.10 
2011,8,2,2121.27 ,1049.50 
2011,8,3,2066.26 ,1051.30 
2011,8,4,2018.47 ,1058.60 
2011,8,5,1943.75 ,1058.50 
2011,8,8,1869.45 ,1069.40 
2011,8,9,1801.35 ,1073.50 
2011,8,10,1806.24 ,1092.20 
2011,8,11,1817.44 ,1080.40 
2011,8,12,1793.31 ,1085.70 
2011,8,16,1879.87 ,1078.70 
2011,8,17,1892.67 ,1070.00 
2011,8,18,1860.58 ,1072.70 
2011,8,19,1744.88 ,1072.30 
2011,8,22,1710.70 ,1082.90 
2011,8,23,1776.68 ,1083.40 
2011,8,24,1754.78 ,1081.00 
2011,8,25,1764.58 ,1079.00 
2011,8,26,1778.95 ,1085.30 
2011,8,29,1829.50 ,1084.50 
2011,8,30,1843.82 ,1076.00 
2011,8,31,1880.11 ,1071.70 
2011,9,1,1880.70 ,1070.40 
2011,9,2,1867.75 ,1063.00 
2011,9,5,1785.83 ,1062.70 
2011,9,6,1766.71 ,1068.30 
2011,9,7,1833.46 ,1071.80 
2011,9,8,1846.64 ,1071.70 
2011,9,9,1812.93 ,1072.80 
2011,9,14,1749.16 ,1076.00 
2011,9,15,1774.08 ,1100.40 
2011,9,16,1840.10 ,1108.10 
2011,9,19,1820.94 ,1106.90 
2011,9,20,1837.97 ,1122.30 
2011,9,21,1854.28 ,1150.60 
2011,9,22,1800.55 ,1147.20 
2011,9,23,1697.44 ,1177.50 
2011,9,26,1652.71 ,1186.00 
2011,9,27,1735.71 ,1184.60 
2011,9,28,1723.08 ,1179.70 
2011,9,29,1769.29 ,1172.70 
2011,9,30,1769.65 ,1179.50 
2011,10,4,1706.19 ,1178.10 
2011,10,5,1666.52 ,1199.50 
2011,10,6,1710.32 ,1192.40 
2011,10,7,1759.77 ,1186.60 
2011,10,10,1766.44 ,1179.90 
2011,10,11,1795.02 ,1173.00 
2011,10,12,1809.50 ,1164.20 
2011,10,13,1823.10 ,1172.40 
2011,10,14,1835.40 ,1158.00 
2011,10,17,1865.18 ,1160.30 
2011,10,18,1838.90 ,1145.70 
2011,10,19,1855.92 ,1147.10 
2011,10,20,1805.09 ,1137.70 
2011,10,21,1838.38 ,1139.50 
2011,10,24,1898.32 ,1149.50 
2011,10,25,1888.65 ,1137.70 
2011,10,26,1894.31 ,1127.90 
2011,10,27,1922.04 ,1130.40 
2011,10,28,1929.48 ,1124.50 
2011,10,31,1909.03 ,1104.50 
2011,11,1,1909.63 ,1105.20 
2011,11,2,1898.01 ,1113.90 
2011,11,3,1869.96 ,1126.20 
2011,11,4,1928.41 ,1131.50 
2011,11,7,1919.10 ,1112.60 
2011,11,8,1903.14 ,1115.00 
2011,11,9,1907.53 ,1116.30 
2011,11,10,1813.25 ,1115.70 
2011,11,11,1863.45 ,1134.30 
2011,11,14,1902.81 ,1127.30 
2011,11,15,1886.12 ,1120.60 
2011,11,16,1856.07 ,1126.20 
2011,11,17,1876.67 ,1134.50 
2011,11,18,1839.17 ,1137.60 
2011,11,21,1820.03 ,1136.40 
2011,11,22,1826.28 ,1139.60 
2011,11,23,1783.10 ,1146.60 
2011,11,24,1795.06 ,1149.20 
2011,11,25,1776.40 ,1157.10 
2011,11,28,1815.28 ,1159.90 
2011,11,29,1856.52 ,1154.90 
2011,11,30,1847.51 ,1150.30 
2011,12,1,1916.18 ,1140.60 
2011,12,2,1916.04 ,1127.20 
2011,12,5,1922.90 ,1127.70 
2011,12,6,1902.82 ,1130.30 
2011,12,7,1919.42 ,1131.20 
2011,12,8,1912.39 ,1126.80 
2011,12,9,1874.75 ,1130.90 
2011,12,12,1899.76 ,1142.30 
2011,12,13,1864.06 ,1145.00 
2011,12,14,1857.75 ,1155.40 
2011,12,15,1819.11 ,1158.50 
2011,12,16,1839.96 ,1161.40 
2011,12,19,1776.93 ,1156.50 
2011,12,20,1793.06 ,1169.50 
2011,12,21,1848.41 ,1167.10 
2011,12,22,1847.49 ,1150.90 
2011,12,23,1867.22 ,1156.20 
2011,12,26,1856.70 ,1149.40 
2011,12,27,1842.02 ,1150.00 
2011,12,28,1825.12 ,1156.40 
2011,12,29,1825.74 ,1157.40 
2011,12,30,,1153.30 
2012,1,2,1826.37 ,1153.30 
2012,1,3,1875.41 ,1155.50 
2012,1,4,1866.22 ,1150.90 
2012,1,5,1863.74 ,1147.40 
2012,1,6,1843.14 ,1150.30 
2012,1,9,1826.49 ,1158.40 
2012,1,10,1853.22 ,1164.30 
2012,1,11,1845.55 ,1156.20 
2012,1,12,1864.57 ,1159.40 
2012,1,13,1875.68 ,1158.80 
2012,1,16,1859.27 ,1150.60 
2012,1,17,1892.74 ,1154.00 
2012,1,18,1892.39 ,1147.00 
2012,1,19,1914.97 ,1143.10 
2012,1,20,1949.89 ,1136.40 
2012,1,25,1952.23 ,1134.70 
2012,1,26,1957.18 ,1126.30 
2012,1,27,1964.83 ,1121.60 
2012,1,30,1940.55 ,1123.80 
2012,1,31,1955.79 ,1125.00 
2012,2,1,1959.24 ,1125.80 
2012,2,2,1984.30 ,1126.40 
2012,2,3,1972.34 ,1118.50 
2012,2,6,1973.13 ,1118.90 
2012,2,7,1981.59 ,1119.90 
2012,2,8,2003.73 ,1121.50 
2012,2,9,2014.62 ,1116.70 
2012,2,10,1993.71 ,1118.10 
2012,2,13,2005.74 ,1121.20 
2012,2,14,2002.64 ,1123.20 
2012,2,15,2025.32 ,1123.60 
2012,2,16,1997.45 ,1123.10 
2012,2,17,2023.47 ,1127.80 
2012,2,20,2024.90 ,1124.40 
2012,2,21,2024.24 ,1122.70 
2012,2,22,2028.65 ,1124.30 
2012,2,23,2007.80 ,1126.30 
2012,2,24,2019.89 ,1128.30 
2012,2,27,1991.16 ,1124.70 
2012,2,28,2003.69 ,1128.40 
2012,2,29,2030.25 ,1126.50 
2012,3,2,2034.63 ,1120.10 
2012,3,5,2016.06 ,1114.50 
2012,3,6,2000.36 ,1118.40 
2012,3,7,1982.15 ,1120.30 
2012,3,8,2000.76 ,1126.40 
2012,3,9,2018.30 ,1119.80 
2012,3,12,2002.50 ,1116.10 
2012,3,13,2025.04 ,1122.10 
2012,3,14,2045.08 ,1121.50 
2012,3,15,2043.76 ,1123.80 
2012,3,16,2034.44 ,1129.10 
2012,3,19,2047.00 ,1124.40 
2012,3,20,2042.15 ,1123.00 
2012,3,21,2027.23 ,1123.10 
2012,3,22,2026.12 ,1127.40 
2012,3,23,2026.83 ,1130.30 
2012,3,26,2019.19 ,1133.80 
2012,3,27,2039.76 ,1138.10 
2012,3,28,2031.74 ,1136.80 
2012,3,29,2014.41 ,1137.20 
2012,3,30,2014.04 ,1137.80 
2012,4,2,2029.29 ,1134.20 
2012,4,3,2049.28 ,1128.10 
2012,4,4,2018.61 ,1123.40 
2012,4,5,2028.77 ,1127.80 
2012,4,6,2029.03 ,1129.50 
2012,4,9,1997.08 ,1130.70 
2012,4,10,1994.41 ,1137.60 
2012,4,12,1986.63 ,1137.90 
2012,4,13,2008.91 ,1142.30 
2012,4,16,1992.63 ,1134.10 
2012,4,17,1985.30 ,1137.70 
2012,4,18,2004.53 ,1138.90 
2012,4,19,1999.86 ,1136.60 
2012,4,20,1974.65 ,1140.50 
2012,4,23,1972.63 ,1140.20 
2012,4,24,1963.42 ,1138.90 
2012,4,25,1961.98 ,1141.20 
2012,4,26,1964.04 ,1139.40 
2012,4,27,1975.35 ,1137.80 
2012,4,30,1981.99 ,1134.20 
2012,5,2,1999.07 ,1131.60 
2012,5,3,1995.11 ,1126.90 
2012,5,4,1989.15 ,1130.00 
2012,5,7,1956.44 ,1131.50 
2012,5,8,1967.01 ,1138.90 
2012,5,9,1950.29 ,1135.70 
2012,5,10,1944.93 ,1140.00 
2012,5,11,1917.13 ,1142.50 
2012,5,14,1913.73 ,1145.20 
2012,5,15,1898.96 ,1148.70 
2012,5,16,1840.53 ,1154.10 
2012,5,17,1845.24 ,1161.90 
2012,5,18,1782.46 ,1163.20 
2012,5,21,1799.13 ,1173.10 
2012,5,22,1828.69 ,1166.70 
2012,5,23,1808.62 ,1163.90 
2012,5,24,1814.47 ,1171.70 
2012,5,25,1824.17 ,1177.20 
2012,5,29,1849.91 ,1180.40 
2012,5,30,1844.86 ,1178.60 
2012,5,31,1843.47 ,1177.80 
2012,6,1,1834.51 ,1181.60 
2012,6,4,1783.13 ,1180.30 
2012,6,5,1801.85 ,1181.80 
2012,6,7,1847.95 ,1178.40 
2012,6,8,1835.64 ,1170.70 
2012,6,11,1867.04 ,1173.00 
2012,6,12,1854.74 ,1167.00 
2012,6,13,1859.32 ,1170.50 
2012,6,14,1871.48 ,1167.80 
2012,6,15,1858.16 ,1166.80 
2012,6,18,1891.71 ,1164.00 
2012,6,19,1891.77 ,1158.40 
2012,6,20,1904.12 ,1158.20 
2012,6,21,1889.15 ,1152.70 
2012,6,22,1847.39 ,1150.10 
2012,6,25,1825.38 ,1157.20 
2012,6,26,1817.81 ,1160.80 
2012,6,27,1817.65 ,1159.90 
2012,6,28,1819.18 ,1157.10 
2012,6,29,1854.01 ,1153.80 
2012,7,2,1851.65 ,1151.90 
2012,7,3,1867.82 ,1143.70 
2012,7,4,1874.45 ,1141.60 
2012,7,5,1875.49 ,1135.30 
2012,7,6,1858.20 ,1136.50 
2012,7,9,1836.13 ,1138.40 
2012,7,10,1829.45 ,1142.40 
2012,7,11,1826.39 ,1143.10 
2012,7,12,1785.39 ,1144.10 
2012,7,13,1812.89 ,1145.80 
2012,7,16,1817.79 ,1151.40 
2012,7,17,1821.96 ,1147.60 
2012,7,18,1794.91 ,1143.50 
2012,7,19,1822.96 ,1140.20 
2012,7,20,1822.93 ,1138.60 
2012,7,23,1789.44 ,1140.70 
2012,7,24,1793.93 ,1146.90 
2012,7,25,1769.31 ,1148.10 
2012,7,26,1782.47 ,1150.90 
2012,7,27,1829.16 ,1147.20 
2012,7,30,1843.79 ,1139.90 
2012,7,31,1881.99 ,1136.20 
2012,8,1,1879.93 ,1133.20 
2012,8,2,1869.40 ,1127.60 
2012,8,3,1848.68 ,1130.40 
2012,8,6,1885.88 ,1135.60 
2012,8,7,1886.80 ,1126.50 
2012,8,8,1903.23 ,1127.30 
2012,8,9,1940.59 ,1128.00 
2012,8,10,1946.40 ,1126.20 
2012,8,13,1932.44 ,1128.10 
2012,8,14,1956.96 ,1131.20 
2012,8,16,1957.91 ,1129.30 
2012,8,17,1946.54 ,1133.10 
2012,8,20,1946.31 ,1133.30 
2012,8,21,1943.22 ,1135.50 
2012,8,22,1935.19 ,1132.50 
2012,8,23,1942.54 ,1133.50 
2012,8,24,1919.81 ,1130.80 
2012,8,27,1917.87 ,1133.70 
2012,8,28,1916.33 ,1135.60 
2012,8,29,1928.54 ,1137.20 
2012,8,30,1906.38 ,1134.00 
2012,8,31,1905.12 ,1134.60 
2012,9,3,1912.71 ,1134.40 
2012,9,4,1907.13 ,1131.80 
2012,9,5,1874.03 ,1131.80 
2012,9,6,1881.24 ,1135.00 
2012,9,7,1929.58 ,1134.60 
2012,9,10,1924.70 ,1130.50 
2012,9,11,1920.00 ,1128.60 
2012,9,12,1950.03 ,1129.30 
2012,9,13,1950.69 ,1126.20 
2012,9,14,2007.58 ,1127.80 
2012,9,17,2002.35 ,1120.40 
2012,9,18,2004.96 ,1115.00 
2012,9,19,2007.88 ,1117.70 
2012,9,20,1990.33 ,1117.10 
2012,9,21,2002.37 ,1118.20 
2012,9,24,2003.44 ,1119.40 
2012,9,25,1991.41 ,1119.80 
2012,9,26,1980.44 ,1118.60 
2012,9,27,1988.70 ,1120.70 
2012,9,28,1996.21 ,1118.60 
2012,10,2,1996.03 ,1112.90 
2012,10,4,1992.68 ,1112.70 
2012,10,5,1995.17 ,1113.30 
2012,10,8,1981.89 ,1110.60 
2012,10,9,1979.04 ,1111.30 
2012,10,10,1948.22 ,1110.60 
2012,10,11,1933.09 ,1114.30 
2012,10,12,1933.26 ,1115.40 
2012,10,15,1925.59 ,1111.10 
2012,10,16,1941.54 ,1112.10 
2012,10,17,1955.15 ,1107.10 
2012,10,18,1959.12 ,1105.00 
2012,10,19,1943.84 ,1104.80 
2012,10,22,1941.59 ,1105.30 
2012,10,23,1926.81 ,1105.10 
2012,10,24,1913.96 ,1102.30 
2012,10,25,1924.50 ,1103.70 
2012,10,26,1891.43 ,1101.40 
2012,10,29,1891.52 ,1096.50 
2012,10,30,1899.58 ,1095.90 
2012,10,31,1912.06 ,1094.10 
2012,11,1,1898.44 ,1090.60 
2012,11,2,1918.72 ,1090.90 
2012,11,5,1908.22 ,1091.20 
2012,11,6,1928.17 ,1091.70 
2012,11,7,1937.55 ,1091.50 
2012,11,8,1914.41 ,1087.10 
2012,11,9,1904.41 ,1088.20 
2012,11,12,1900.87 ,1089.60 
2012,11,13,1889.71 ,1088.40 
2012,11,14,1894.04 ,1090.30 
2012,11,15,1870.72 ,1087.30 
2012,11,16,1860.83 ,1086.70 
2012,11,19,1878.10 ,1089.30 
2012,11,20,1890.18 ,1086.90 
2012,11,21,1884.04 ,1083.00 
2012,11,22,1899.50 ,1083.20 
2012,11,23,1911.33 ,1084.10 
2012,11,26,1908.51 ,1086.30 
2012,11,27,1925.20 ,1084.90 
2012,11,28,1912.78 ,1084.10 
2012,11,29,1934.85 ,1085.40 
2012,11,30,1932.90 ,1084.70 
2012,12,3,1940.02 ,1083.20 
2012,12,4,1935.18 ,1083.50 
2012,12,5,1947.04 ,1083.70 
2012,12,6,1949.62 ,1082.50 
2012,12,7,1957.45 ,1082.70 
2012,12,10,1957.42 ,1082.60 
2012,12,11,1964.62 ,1079.40 
2012,12,12,1975.44 ,1077.30 
2012,12,13,2002.77 ,1075.70 
2012,12,14,1995.04 ,1072.30 
2012,12,17,1983.07 ,1073.90 
2012,12,18,1993.09 ,1072.90 
2012,12,20,1999.50 ,1071.80 
2012,12,21,1980.42 ,1073.40 
2012,12,24,1981.82 ,1075.40 
2012,12,26,1982.25 ,1074.80 
2012,12,27,1987.35 ,1073.80 
2012,12,28,1997.05 ,1072.50 
2012,12,31,,1071.10 
2013,1,2,2031.10 ,1071.10 
2013,1,3,2019.41 ,1064.70 
2013,1,4,2011.94 ,1063.80 
2013,1,7,2011.25 ,1064.10 
2013,1,8,1997.94 ,1063.40 
2013,1,9,1991.81 ,1063.20 
2013,1,10,2006.80 ,1062.10 
2013,1,11,1996.67 ,1061.00 
2013,1,14,2007.04 ,1056.50 
2013,1,15,1983.74 ,1056.10 
2013,1,16,1977.45 ,1055.40 
2013,1,17,1974.27 ,1058.90 
2013,1,18,1987.85 ,1058.20 
2013,1,21,1986.86 ,1056.10 
2013,1,22,1996.52 ,1060.00 
2013,1,23,1980.41 ,1064.40 
2013,1,24,1964.48 ,1065.40 
2013,1,25,1946.69 ,1068.40 
2013,1,28,1939.71 ,1071.80 
2013,1,29,1955.96 ,1082.50 
2013,1,30,1964.43 ,1088.00 
2013,1,31,1961.94 ,1082.70 
2013,2,1,1957.79 ,1088.90 
2013,2,4,1953.21 ,1092.90 
2013,2,5,1938.18 ,1089.00 
2013,2,6,1936.19 ,1086.80 
2013,2,7,1931.77 ,1088.80 
2013,2,8,1950.90 ,1089.30 
2013,2,12,1945.79 ,1093.80 
2013,2,13,1976.07 ,1094.20 
2013,2,14,1979.61 ,1086.40 
2013,2,15,1981.18 ,1084.70 
2013,2,18,1981.91 ,1079.00 
2013,2,19,1985.83 ,1082.60 
2013,2,20,2024.64 ,1081.40 
2013,2,21,2015.22 ,1077.80 
2013,2,22,2018.89 ,1084.10 
2013,2,25,2009.52 ,1086.40 
2013,2,26,2000.01 ,1087.40 
2013,2,27,2004.04 ,1088.00 
2013,2,28,2026.49 ,1085.40 
2013,3,4,2013.15 ,1081.90 
2013,3,5,2016.61 ,1091.40 
2013,3,6,2020.74 ,1087.00 
2013,3,7,2004.40 ,1083.60 
2013,3,8,2006.01 ,1086.40 
2013,3,11,2003.35 ,1090.30 
2013,3,12,1993.34 ,1098.30 
2013,3,13,1999.73 ,1095.00 
2013,3,14,2002.13 ,1097.50 
2013,3,15,1986.50 ,1105.00 
2013,3,18,1968.18 ,1109.90 
2013,3,19,1978.56 ,1114.80 
2013,3,20,1959.41 ,1110.20 
2013,3,21,1950.82 ,1117.50 
2013,3,22,1950.12 ,1116.20 
2013,3,25,1977.67 ,1117.20 
2013,3,26,1983.70 ,1112.50 
2013,3,27,1993.44 ,1107.90 
2013,3,28,1993.52 ,1109.20 
2013,3,29,2004.89 ,1112.10 
2013,4,1,1995.99 ,1112.50 
2013,4,2,1986.15 ,1115.50 
2013,4,3,1983.22 ,1112.80 
2013,4,4,1959.45 ,1120.60 
2013,4,5,1927.23 ,1123.80 
2013,4,8,1918.69 ,1127.10 
2013,4,9,1920.74 ,1138.30 
2013,4,10,1935.58 ,1138.90 
2013,4,11,1949.80 ,1138.30 
2013,4,12,1924.23 ,1129.00 
2013,4,15,1920.45 ,1131.10 
2013,4,16,1922.21 ,1124.70 
2013,4,17,1923.84 ,1119.60 
2013,4,18,1900.06 ,1115.30 
2013,4,19,1906.75 ,1122.00 
2013,4,22,1926.31 ,1118.50 
2013,4,23,1918.63 ,1121.70 
2013,4,24,1935.31 ,1120.20 
2013,4,25,1951.60 ,1119.20 
2013,4,26,1944.56 ,1113.90 
2013,4,29,1940.70 ,1109.20 
2013,4,30,1963.95 ,1108.10 
2013,5,2,1957.21 ,1102.20 
2013,5,3,1965.71 ,1099.70 
2013,5,6,1961.48 ,1099.90 
2013,5,7,1954.35 ,1094.00 
2013,5,8,1956.45 ,1094.00 
2013,5,9,1979.45 ,1087.70 
2013,5,10,1944.75 ,1087.00 
2013,5,13,1948.70 ,1102.60 
2013,5,14,1968.83 ,1114.60 
2013,5,15,1971.26 ,1109.40 
2013,5,16,1986.81 ,1113.60 
2013,5,20,1982.43 ,1114.30 
2013,5,21,1981.09 ,1118.10 
2013,5,22,1993.83 ,1112.90 
2013,5,23,1969.19 ,1112.40 
2013,5,24,1973.45 ,1123.70 
2013,5,27,1979.97 ,1128.00 
2013,5,28,1986.22 ,1125.10 
2013,5,29,2001.20 ,1125.50 
2013,5,30,2000.10 ,1131.00 
2013,5,31,2001.05 ,1128.30 
2013,6,3,1989.57 ,1126.60 
2013,6,4,1989.51 ,1128.10 
2013,6,5,1959.19 ,1121.80 
2013,6,7,1923.85 ,1119.20 
2013,6,10,1932.70 ,1111.40 
2013,6,11,1920.68 ,1123.60 
2013,6,12,1909.91 ,1133.70 
2013,6,13,1882.73 ,1131.20 
2013,6,14,1889.24 ,1134.80 
2013,6,17,1883.10 ,1128.20 
2013,6,18,1900.62 ,1128.00 
2013,6,19,1888.31 ,1129.90 
2013,6,20,1850.49 ,1133.00 
2013,6,21,1822.83 ,1144.60 
2013,6,24,1799.01 ,1155.60 
2013,6,25,1780.63 ,1157.10 
2013,6,26,1783.45 ,1159.10 
2013,6,27,1834.70 ,1153.40 
2013,6,28,1863.32 ,1149.70 
2013,7,1,1855.73 ,1145.30 
2013,7,2,1855.02 ,1136.90 
2013,7,3,1824.66 ,1132.90 
2013,7,4,1839.14 ,1140.60 
2013,7,5,1833.31 ,1140.20 
2013,7,8,1816.85 ,1141.70 
2013,7,9,1830.35 ,1151.40 
2013,7,10,1824.16 ,1144.70 
2013,7,11,1877.60 ,1138.80 
2013,7,12,1869.98 ,1124.90 
2013,7,15,1875.16 ,1122.30 
2013,7,16,1866.36 ,1122.60 
2013,7,17,1887.49 ,1119.00 
2013,7,18,1875.48 ,1118.10 
2013,7,19,1871.41 ,1122.30 
2013,7,22,1880.35 ,1123.50 
2013,7,23,1904.15 ,1118.50 
2013,7,24,1912.08 ,1116.50 
2013,7,25,1909.61 ,1114.10 
2013,7,26,1910.81 ,1117.30 
2013,7,29,1899.89 ,1111.70 
2013,7,30,1917.05 ,1109.40 
2013,7,31,1914.03 ,1113.60 
2013,8,1,1920.74 ,1119.60 
2013,8,2,1923.38 ,1121.40 
2013,8,5,1916.22 ,1125.40 
2013,8,6,1906.62 ,1116.30 
2013,8,7,1878.33 ,1114.20 
2013,8,8,1883.97 ,1117.30 
2013,8,9,1880.71 ,1113.60 
2013,8,12,1884.83 ,1111.80 
2013,8,13,1913.03 ,1113.00 
2013,8,14,1923.91 ,1116.50 
2013,8,16,1920.11 ,1119.50 
2013,8,19,1917.64 ,1115.00 
2013,8,20,1887.85 ,1113.70 
2013,8,21,1867.46 ,1121.90 
2013,8,22,1849.12 ,1118.10 
2013,8,23,1870.16 ,1124.30 
2013,8,26,1887.86 ,1118.20 
2013,8,27,1885.84 ,1113.00 
2013,8,28,1884.52 ,1115.80 
2013,8,29,1907.54 ,1117.00 
2013,8,30,1926.36 ,1110.90 
2013,9,2,1924.81 ,1109.60 
2013,9,3,1933.74 ,1104.10 
2013,9,4,1933.03 ,1095.90 
2013,9,5,1951.65 ,1099.80 
2013,9,6,1955.31 ,1093.80 
2013,9,9,1974.67 ,1095.40 
2013,9,10,1994.06 ,1088.20 
2013,9,11,2003.85 ,1084.90 
2013,9,12,2004.06 ,1087.10 
2013,9,13,1994.32 ,1083.20 
2013,9,16,2013.37 ,1085.30 
2013,9,17,2005.58 ,1082.20 
2013,9,23,2009.41 ,1085.20 
2013,9,24,2007.10 ,1075.90 
2013,9,25,1998.06 ,1074.90 
2013,9,26,2007.32 ,1076.80 
2013,9,27,2011.80 ,1074.40 
2013,9,30,1996.96 ,1075.60 
2013,10,1,1998.87 ,1075.20 
2013,10,2,1999.47 ,1074.50 
2013,10,4,1996.98 ,1074.60 
2013,10,7,1994.42 ,1071.60 
2013,10,8,2002.76 ,1070.50 
2013,10,10,2001.40 ,1073.60 
2013,10,11,2024.90 ,1075.70 
2013,10,14,2020.27 ,1070.50 
2013,10,15,2040.96 ,1072.30 
2013,10,16,2034.61 ,1067.90 
2013,10,17,2040.61 ,1067.10 
2013,10,18,2052.40 ,1064.40 
2013,10,21,2053.01 ,1061.40 
2013,10,22,2056.12 ,1062.00 
2013,10,23,2035.75 ,1061.70 
2013,10,24,2046.69 ,1056.50 
2013,10,25,2034.39 ,1057.20 
2013,10,28,2048.14 ,1062.30 
2013,10,29,2051.76 ,1061.40 
2013,10,30,2059.58 ,1060.90 
2013,10,31,2030.09 ,1061.40 
2013,11,1,2039.42 ,1059.90 
2013,11,4,2025.17 ,1062.60 
2013,11,5,2013.93 ,1062.10 
2013,11,6,2013.67 ,1062.00 
2013,11,7,2004.04 ,1062.00 
2013,11,8,1984.87 ,1060.70 
2013,11,11,1977.30 ,1063.50 
2013,11,12,1995.48 ,1068.50 
2013,11,13,1963.56 ,1070.90 
2013,11,14,1967.56 ,1072.90 
2013,11,15,2005.64 ,1067.30 
2013,11,18,2010.81 ,1066.70 
2013,11,19,2031.64 ,1060.70 
2013,11,20,2017.24 ,1055.80 
2013,11,21,1993.78 ,1056.30 
2013,11,22,2006.23 ,1061.90 
2013,11,25,2015.98 ,1061.60 
2013,11,26,2022.64 ,1060.60 
2013,11,27,2028.81 ,1060.30 
2013,11,28,2045.77 ,1060.90 
2013,11,29,2044.87 ,1062.10 
2013,12,2,2030.78 ,1058.90 
2013,12,3,2009.36 ,1057.70 
2013,12,4,1986.80 ,1061.30 
2013,12,5,1984.77 ,1061.20 
2013,12,6,1980.41 ,1060.70 
2013,12,9,2000.38 ,1058.20 
2013,12,10,1993.45 ,1053.10 
2013,12,11,1977.97 ,1052.50 
2013,12,12,1967.93 ,1051.90 
2013,12,13,1962.91 ,1053.50 
2013,12,16,1961.15 ,1053.10 
2013,12,17,1965.74 ,1052.60 
2013,12,18,1974.63 ,1051.50 
2013,12,19,1975.65 ,1052.10 
2013,12,20,1983.35 ,1058.10 
2013,12,23,1996.89 ,1061.90 
2013,12,24,2001.59 ,1061.00 
2013,12,26,1999.30 ,1060.40 
2013,12,27,2002.28 ,1059.40 
2013,12,30,2011.34 ,1055.60 
2013,12,31,,1055.30 
2014,1,2,1967.19 ,1055.30 
2014,1,3,1946.14 ,1050.40 
2014,1,6,1953.28 ,1054.10 
2014,1,7,1959.44 ,1062.20 
2014,1,8,1958.96 ,1067.90 
2014,1,9,1946.11 ,1066.00 
2014,1,10,1938.54 ,1064.80 
2014,1,13,1948.92 ,1062.80 
2014,1,14,1946.07 ,1056.50 
2014,1,15,1953.28 ,1058.40 
2014,1,16,1957.32 ,1062.50 
2014,1,17,1944.48 ,1064.20 
2014,1,20,1953.78 ,1061.00 
2014,1,21,1963.89 ,1063.90 
2014,1,22,1970.42 ,1064.20 
2014,1,23,1947.59 ,1068.40 
2014,1,24,1940.56 ,1071.90 
2014,1,27,1910.34 ,1077.20 
2014,1,28,1916.93 ,1084.10 
2014,1,29,1941.15 ,1079.20 
2014,2,3,1919.96 ,1071.10 
2014,2,4,1886.85 ,1082.20 
2014,2,5,1891.32 ,1086.10 
2014,2,6,1907.89 ,1079.50 
2014,2,7,1922.50 ,1076.40 
2014,2,10,1923.30 ,1075.10 
2014,2,11,1932.06 ,1071.90 
2014,2,12,1935.84 ,1072.00 
2014,2,13,1926.96 ,1064.70 
2014,2,14,1940.28 ,1063.90 
2014,2,17,1946.36 ,1061.90 
2014,2,18,1946.91 ,1060.50 
2014,2,19,1942.93 ,1064.10 
2014,2,20,1930.57 ,1067.10 
2014,2,21,1957.83 ,1071.90 
2014,2,24,1949.05 ,1073.10 
2014,2,25,1964.86 ,1076.30 
2014,2,26,1970.77 ,1070.60 
2014,2,27,1978.43 ,1069.90 
2014,2,28,1979.99 ,1067.70 
2014,3,3,1964.69 ,1066.20 
2014,3,4,1954.11 ,1071.90 
2014,3,5,1971.24 ,1072.00 
2014,3,6,1975.62 ,1070.60 
2014,3,7,1974.68 ,1067.40 
2014,3,10,1954.42 ,1062.60 
2014,3,11,1963.87 ,1065.90 
2014,3,12,1932.54 ,1064.80 
2014,3,13,1934.38 ,1069.20 
2014,3,14,1919.90 ,1067.40 
2014,3,17,1927.53 ,1072.00 
2014,3,18,1940.21 ,1069.90 
2014,3,19,1937.68 ,1067.90 
2014,3,20,1919.52 ,1070.70 
2014,3,21,1934.94 ,1075.30 
2014,3,24,1945.55 ,1080.30 
2014,3,25,1941.25 ,1079.70 
2014,3,26,1964.31 ,1078.20 
2014,3,27,1977.97 ,1075.00 
2014,3,28,1981.00 ,1072.80 
2014,3,31,1985.61 ,1068.80 
2014,4,1,1991.98 ,1066.10 
2014,4,2,1997.25 ,1060.50 
2014,4,3,1993.70 ,1057.00 
2014,4,4,1988.09 ,1058.10 
2014,4,7,1989.70 ,1056.10 
2014,4,8,1993.03 ,1053.40 
2014,4,9,1998.95 ,1053.60 
2014,4,10,2008.61 ,1043.20 
2014,4,11,1997.44 ,1036.00 
2014,4,14,1997.02 ,1037.50 
2014,4,15,1992.27 ,1038.90 
2014,4,16,1992.21 ,1041.20 
2014,4,17,1992.05 ,1041.30 
2014,4,18,2004.28 ,1037.10 
2014,4,21,1999.22 ,1037.20 
2014,4,22,2004.22 ,1037.90 
2014,4,23,2000.37 ,1039.60 
2014,4,24,1998.34 ,1039.50 
2014,4,25,1971.66 ,1038.30 
2014,4,28,1969.26 ,1038.90 
2014,4,29,1964.77 ,1037.10 
2014,4,30,1961.79 ,1031.70 
2014,5,2,1959.44 ,1032.20 
2014,5,7,1939.88 ,1031.20 
2014,5,8,1950.60 ,1025.60 
2014,5,9,1956.55 ,1023.50 
2014,5,12,1964.94 ,1023.00 
2014,5,13,1982.93 ,1025.00 
2014,5,14,2010.83 ,1022.90 
2014,5,15,2010.20 ,1024.60 
2014,5,16,2013.44 ,1026.50 
2014,5,19,2015.14 ,1025.80 
2014,5,20,2011.26 ,1022.70 
2014,5,21,2008.33 ,1024.10 
2014,5,22,2015.59 ,1026.70 
2014,5,23,2017.17 ,1025.20 
2014,5,26,2010.35 ,1024.30 
2014,5,27,1997.63 ,1023.90 
2014,5,28,2017.06 ,1023.40 
2014,5,29,2012.26 ,1022.60 
2014,5,30,1994.96 ,1021.60 
2014,6,2,2002.00 ,1020.40 
2014,6,3,2008.56 ,1023.60 
2014,6,5,1995.48 ,1024.30 
2014,6,9,1990.04 ,1022.60 
2014,6,10,2011.80 ,1017.40 
2014,6,11,2014.67 ,1016.50 
2014,6,12,2011.65 ,1016.50 
2014,6,13,1990.85 ,1017.50 
2014,6,16,1993.59 ,1018.00 
2014,6,17,2001.55 ,1019.50 
2014,6,18,1989.49 ,1022.10 
2014,6,19,1992.03 ,1023.10 
2014,6,20,1968.07 ,1018.30 
2014,6,23,1974.92 ,1019.60 
2014,6,24,1994.35 ,1018.40 
2014,6,25,1981.77 ,1018.00 
2014,6,26,1995.05 ,1020.60 
2014,6,27,1988.51 ,1017.00 
2014,6,30,2002.21 ,1014.40 
2014,7,1,1999.00 ,1012.10 
2014,7,2,2015.28 ,1011.80 
2014,7,3,2010.97 ,1009.80 
2014,7,4,2009.66 ,1009.60 
2014,7,7,2005.12 ,1008.90 
2014,7,8,2006.66 ,1009.90 
2014,7,9,2000.50 ,1011.20 
2014,7,10,2002.84 ,1012.20 
2014,7,11,1988.74 ,1011.90 
2014,7,14,1993.88 ,1018.00 
2014,7,15,2012.72 ,1018.50 
2014,7,16,2013.48 ,1023.70 
2014,7,17,2020.90 ,1032.70 
2014,7,18,2019.42 ,1029.60 
2014,7,21,2018.50 ,1031.90 
2014,7,22,2028.93 ,1027.50 
2014,7,23,2028.32 ,1024.60 
2014,7,24,2026.62 ,1022.80 
2014,7,25,2033.85 ,1028.00 
2014,7,28,2048.81 ,1029.40 
2014,7,29,2061.97 ,1025.20 
2014,7,30,2082.61 ,1024.70 
2014,7,31,2076.12 ,1024.30 
2014,8,1,2073.10 ,1026.20 
2014,8,4,2080.42 ,1033.70 
2014,8,5,2066.26 ,1031.70 
2014,8,6,2060.73 ,1030.80 
2014,8,7,2054.51 ,1034.30 
2014,8,8,2031.10 ,1034.40 
2014,8,11,2039.37 ,1037.40 
2014,8,12,2041.47 ,1030.60 
2014,8,13,2062.36 ,1028.30 
2014,8,14,2063.22 ,1028.10 
2014,8,18,2053.13 ,1024.90 
2014,8,19,2071.14 ,1017.70 
2014,8,20,2072.78 ,1018.00 
2014,8,21,2044.21 ,1020.90 
2014,8,22,2056.70 ,1023.90 
2014,8,25,2060.89 ,1019.50 
2014,8,26,2068.05 ,1020.60 
2014,8,27,2074.93 ,1018.00 
2014,8,28,2075.76 ,1014.60 
2014,8,29,2068.54 ,1013.60 
2014,9,1,2067.86 ,1014.90 
2014,9,2,2051.58 ,1014.30 
2014,9,3,2051.20 ,1015.60 
2014,9,4,2056.26 ,1018.90 
2014,9,5,2049.41 ,1018.00 
2014,9,11,2034.16 ,1024.60 
2014,9,12,2041.86 ,1034.40 
2014,9,15,2035.82 ,1038.00 
2014,9,16,2042.92 ,1038.90 
2014,9,17,2062.61 ,1035.20 
2014,9,18,2047.74 ,1033.90 
2014,9,19,2053.82 ,1041.50 
2014,9,22,2039.27 ,1044.90 
2014,9,23,2028.91 ,1040.70 
2014,9,24,2035.64 ,1042.10 
2014,9,25,2034.11 ,1039.80 
2014,9,26,2031.64 ,1042.60 
2014,9,29,2026.60 ,1042.70 
2014,9,30,2020.09 ,1050.60 
2014,10,1,1991.54 ,1054.70 
2014,10,2,1976.16 ,1062.10 
2014,10,6,1968.39 ,1061.10 
2014,10,7,1972.91 ,1069.70 
2014,10,8,1965.25 ,1066.50 
2014,10,10,1940.92 ,1072.30 
2014,10,13,1927.21 ,1071.00 
2014,10,14,1929.25 ,1069.10 
2014,10,15,1925.91 ,1063.50 
2014,10,16,1918.83 ,1065.80 
2014,10,17,1900.66 ,1059.90 
2014,10,20,1930.06 ,1062.70 
2014,10,21,1915.28 ,1060.40 
2014,10,22,1936.97 ,1054.50 
2014,10,23,1931.65 ,1053.70 
2014,10,24,1925.69 ,1055.40 
2014,10,27,1931.97 ,1059.30 
2014,10,28,1925.68 ,1052.60 
2014,10,29,1961.17 ,1050.60 
2014,10,30,1958.93 ,1047.00 
2014,10,31,1964.43 ,1054.00 
2014,11,3,1952.97 ,1058.80 
2014,11,4,1935.19 ,1075.10 
2014,11,5,1931.43 ,1079.90 
2014,11,6,1936.48 ,1078.70 
2014,11,7,1939.87 ,1089.10 
2014,11,10,1958.23 ,1092.50 
2014,11,11,1963.00 ,1085.20 
2014,11,12,1967.27 ,1089.90 
2014,11,13,1960.51 ,1098.50 
2014,11,14,1945.14 ,1097.50 
2014,11,17,1943.63 ,1099.60 
2014,11,18,1967.01 ,1097.00 
2014,11,19,1966.87 ,1098.90 
2014,11,20,1958.04 ,1104.20 
2014,11,21,1964.84 ,1113.10 
2014,11,24,1978.54 ,1110.90 
2014,11,25,1980.21 ,1112.20 
2014,11,26,1980.84 ,1112.80 
2014,11,27,1982.09 ,1107.00 
2014,11,28,1980.78 ,1101.10 
2014,12,1,1965.22 ,1105.00 
2014,12,2,1965.83 ,1116.20 
2014,12,3,1969.91 ,1106.80 
2014,12,4,1986.61 ,1114.40 
2014,12,5,1986.62 ,1115.80 
2014,12,8,1978.95 ,1113.20 
2014,12,9,1970.95 ,1118.30 
2014,12,10,1945.56 ,1112.00 
2014,12,11,1916.59 ,1104.50 
2014,12,12,1921.71 ,1098.10 
2014,12,15,1920.36 ,1103.90 
2014,12,16,1904.13 ,1103.00 
2014,12,17,1900.16 ,1092.40 
2014,12,18,1897.50 ,1088.10 
2014,12,19,1929.98 ,1103.20 
2014,12,22,1943.12 ,1101.30 
2014,12,23,1939.02 ,1097.30 
2014,12,24,1946.61 ,1100.50 
2014,12,26,1948.16 ,1104.30 
2014,12,29,1927.86 ,1099.50 
2014,12,30,1915.59 ,1098.20 
2014,12,31,,1099.20 
2015,1,2,1926.44 ,1099.20 
2015,1,5,1915.75 ,1102.60 
2015,1,6,1882.45 ,1108.70 
2015,1,7,1883.83 ,1103.90 
2015,1,8,1904.65 ,1099.70 
2015,1,9,1924.70 ,1098.50 
2015,1,12,1920.95 ,1092.20 
2015,1,13,1917.14 ,1083.00 
2015,1,14,1913.66 ,1081.50 
2015,1,15,1914.14 ,1079.90 
2015,1,16,1888.13 ,1084.10 
2015,1,19,1902.62 ,1077.30 
2015,1,20,1918.31 ,1079.80 
2015,1,21,1921.23 ,1084.40 
2015,1,22,1920.82 ,1086.80 
2015,1,23,1936.09 ,1085.30 
2015,1,26,1935.68 ,1084.10 
2015,1,27,1952.40 ,1079.30 
2015,1,28,1961.58 ,1082.10 
2015,1,29,1951.02 ,1082.90 
2015,1,30,1949.26 ,1090.80 
2015,2,2,1952.68 ,1095.90 
2015,2,3,1951.96 ,1101.20 
2015,2,4,1962.79 ,1098.30 
2015,2,5,1952.84 ,1089.20 
2015,2,6,1955.52 ,1089.20 
2015,2,9,1947.00 ,1088.30 
2015,2,10,1935.86 ,1097.00 
2015,2,11,1945.70 ,1090.80 
2015,2,12,1941.63 ,1096.90 
2015,2,13,1957.50 ,1107.50 
2015,2,16,1958.23 ,1098.40 
2015,2,17,1961.45 ,1098.70 
2015,2,23,1968.39 ,1101.30 
2015,2,24,1976.12 ,1109.80 
2015,2,25,1990.47 ,1108.60 
2015,2,26,1993.08 ,1102.50 
2015,2,27,1985.80 ,1099.20 
2015,3,2,1996.81 ,1099.50 
2015,3,3,2001.38 ,1102.50 
2015,3,4,1998.29 ,1100.00 
2015,3,5,1998.38 ,1096.50 
2015,3,6,2012.94 ,1100.10 
2015,3,9,1992.82 ,1099.50 
2015,3,10,1984.77 ,1110.30 
2015,3,11,1980.83 ,1119.50 
2015,3,12,1970.59 ,1126.60 
2015,3,13,1985.79 ,1130.90 
2015,3,16,1987.33 ,1125.60 
2015,3,17,2029.91 ,1133.90 
2015,3,18,2028.45 ,1130.10 
2015,3,19,2037.89 ,1126.60 
2015,3,20,2037.24 ,1114.00 
2015,3,23,2036.59 ,1121.70 
2015,3,24,2041.37 ,1115.90 
2015,3,25,2042.81 ,1107.10 
2015,3,26,2022.56 ,1102.70 
2015,3,27,2019.80 ,1104.20 
2015,3,30,2030.04 ,1104.30 
2015,3,31,2041.03 ,1105.00 
2015,4,1,2028.45 ,1109.40 
2015,4,2,2029.07 ,1103.80 
2015,4,3,2045.42 ,1098.00 
2015,4,6,2046.43 ,1094.60 
2015,4,7,2047.03 ,1086.00 
2015,4,8,2059.26 ,1089.70 
2015,4,9,2058.87 ,1093.40 
2015,4,10,2087.76 ,1093.90 
2015,4,13,2098.92 ,1094.60 
2015,4,14,2111.72 ,1096.60 
2015,4,15,2119.96 ,1096.80 
2015,4,16,2139.90 ,1096.00 
2015,4,17,2143.50 ,1089.00 
2015,4,20,2146.71 ,1085.10 
2015,4,21,2144.79 ,1082.70 
2015,4,22,2143.89 ,1083.50 
2015,4,23,2173.41 ,1081.80 
2015,4,24,2159.80 ,1083.20 
2015,4,27,2157.54 ,1079.00 
2015,4,28,2147.67 ,1074.50 
2015,4,29,2142.63 ,1070.90 
2015,4,30,2127.17 ,1068.10 
2015,5,4,2132.23 ,1069.50 
2015,5,6,2104.58 ,1080.50 
2015,5,7,2091.00 ,1081.00 
2015,5,8,2085.52 ,1086.60 
2015,5,11,2097.38 ,1091.30 
2015,5,12,2096.77 ,1089.90 
2015,5,13,2114.16 ,1096.20 
2015,5,14,2120.33 ,1094.90 
2015,5,15,2106.50 ,1093.60 
2015,5,18,2113.72 ,1089.20 
2015,5,19,2120.85 ,1085.50 
2015,5,20,2139.54 ,1090.90 
2015,5,21,2122.81 ,1095.20 
2015,5,22,2146.10 ,1094.40 
2015,5,26,2143.50 ,1090.80 
2015,5,27,2107.50 ,1098.40 
2015,5,28,2110.89 ,1107.00 
2015,5,29,2114.80 ,1108.00 
2015,6,1,2102.37 ,1107.60 
2015,6,2,2078.64 ,1111.60 
2015,6,3,2063.16 ,1114.50 
2015,6,4,2072.86 ,1106.00 
2015,6,5,2068.10 ,1109.90 
2015,6,8,2065.19 ,1112.10 
2015,6,9,2064.03 ,1121.50 
2015,6,10,2051.32 ,1119.30 
2015,6,11,2056.61 ,1117.30 
2015,6,12,2052.17 ,1110.40 
2015,6,15,2042.32 ,1111.90 
2015,6,16,2028.72 ,1116.20 
2015,6,17,2034.86 ,1117.30 
2015,6,18,2041.88 ,1117.60 
2015,6,19,2046.96 ,1109.90 
2015,6,22,2055.16 ,1104.00 
2015,6,23,2081.20 ,1099.90 
2015,6,24,2085.53 ,1104.10 
2015,6,25,2085.06 ,1108.40 
2015,6,26,2090.26 ,1109.60 
2015,6,29,2060.49 ,1115.10 
2015,6,30,2074.20 ,1124.10 
2015,7,1,2097.89 ,1118.30 
2015,7,2,2107.33 ,1118.50 
2015,7,3,2104.41 ,1123.20 
2015,7,6,2053.93 ,1120.10 
2015,7,7,2040.29 ,1126.30 
2015,7,8,2016.21 ,1129.60 
2015,7,9,2027.81 ,1135.70 
2015,7,10,2031.17 ,1136.20 
2015,7,13,2061.52 ,1130.00 
2015,7,14,2059.23 ,1131.50 
2015,7,15,2072.91 ,1139.40 
2015,7,16,2087.89 ,1141.50 
2015,7,17,2076.79 ,1148.40 
2015,7,20,2073.31 ,1146.30 
2015,7,21,2083.62 ,1151.90 
2015,7,22,2064.73 ,1158.40 
2015,7,23,2065.07 ,1152.60 
2015,7,24,2045.96 ,1162.30 
2015,7,27,2038.81 ,1164.60 
2015,7,28,2039.10 ,1168.90 
2015,7,29,2037.62 ,1166.20 
2015,7,30,2019.03 ,1157.90 
2015,7,31,2030.16 ,1166.30 
2015,8,3,2008.49 ,1169.40 
2015,8,4,2027.99 ,1165.20 
2015,8,5,2029.76 ,1169.30 
2015,8,6,2013.29 ,1172.10 
2015,8,7,2010.23 ,1170.20 
2015,8,10,2003.17 ,1164.30 
2015,8,11,1986.65 ,1165.30 
2015,8,12,1975.47 ,1170.40 
2015,8,13,1983.46 ,1190.30 
2015,8,17,1968.52 ,1174.20 
2015,8,18,1956.26 ,1182.20 
2015,8,19,1939.38 ,1184.70 
2015,8,20,1914.55 ,1185.10 
2015,8,21,1876.07 ,1185.10 
2015,8,24,1829.81 ,1192.00 
2015,8,25,1846.63 ,1198.10 
2015,8,26,1894.09 ,1194.60 
2015,8,27,1908.00 ,1188.90 
2015,8,28,1937.67 ,1184.30 
2015,8,31,1941.49 ,1176.30 
2015,9,1,1914.23 ,1183.00 
2015,9,2,1915.22 ,1175.60 
2015,9,3,1915.53 ,1178.00 
2015,9,4,1886.04 ,1187.60 
2015,9,7,1883.22 ,1191.00 
2015,9,8,1878.68 ,1202.00 
2015,9,9,1934.20 ,1203.10 
2015,9,10,1962.11 ,1192.00 
2015,9,11,1941.37 ,1195.80 
2015,9,14,1931.46 ,1183.80 
2015,9,15,1937.56 ,1181.00 
2015,9,16,1975.45 ,1182.40 
2015,9,17,1976.49 ,1179.40 
2015,9,18,1995.95 ,1169.70 
2015,9,21,1964.68 ,1166.70 
2015,9,22,1982.06 ,1173.00 
2015,9,23,1944.64 ,1177.20 
2015,9,24,1947.10 ,1187.50 
2015,9,25,1942.85 ,1191.80 
2015,9,30,1962.81 ,1194.50 
2015,10,1,1979.32 ,1190.40 
2015,10,2,1969.68 ,1179.00 
2015,10,5,1978.25 ,1180.50 
2015,10,6,1990.65 ,1172.10 
2015,10,7,2005.84 ,1164.80 
2015,10,8,2019.53 ,1165.20 
2015,10,12,2021.63 ,1159.40 
2015,10,13,2019.05 ,1147.40 
2015,10,14,2009.55 ,1147.50 
2015,10,15,2033.27 ,1150.10 
2015,10,16,2030.26 ,1133.70 
2015,10,19,2030.27 ,1128.90 
2015,10,20,2039.36 ,1125.30 
2015,10,21,2042.98 ,1130.10 
2015,10,22,2023.00 ,1131.30 
2015,10,23,2040.40 ,1138.20 
2015,10,26,2048.08 ,1127.40 
2015,10,27,2044.65 ,1134.10 
2015,10,28,2042.51 ,1131.20 
2015,10,29,2034.16 ,1132.90 
2015,10,30,2029.47 ,1142.30 
2015,11,2,2035.24 ,1138.60 
2015,11,3,2048.40 ,1140.10 
2015,11,4,2052.77 ,1133.40 
2015,11,5,2049.41 ,1129.50 
2015,11,6,2041.07 ,1137.10 
2015,11,9,2025.70 ,1138.60 
2015,11,10,1996.59 ,1154.10 
2015,11,11,1997.27 ,1158.20 
2015,11,12,1993.36 ,1154.80 
2015,11,13,1973.29 ,1154.50 
2015,11,16,1943.02 ,1161.30 
2015,11,17,1963.58 ,1172.70 
2015,11,18,1962.88 ,1169.20 
2015,11,19,1988.91 ,1173.40 
2015,11,20,1989.86 ,1164.20 
2015,11,23,2003.70 ,1156.90 
2015,11,24,2016.29 ,1157.90 
2015,11,25,2009.42 ,1155.60 
2015,11,26,2030.68 ,1145.10 
2015,11,27,2028.99 ,1145.70 
2015,11,30,1991.97 ,1150.40 
2015,12,1,2023.93 ,1157.70 
2015,12,2,2009.29 ,1158.10 
2015,12,3,1994.07 ,1159.30 
2015,12,4,1974.40 ,1167.40 
2015,12,7,1963.67 ,1156.80 
2015,12,8,1949.04 ,1166.40 
2015,12,9,1948.24 ,1176.00 
2015,12,10,1952.07 ,1178.20 
2015,12,11,1948.62 ,1177.50 
2015,12,14,1927.82 ,1179.70 
2015,12,15,1932.97 ,1186.10 
2015,12,16,1969.40 ,1182.90 
2015,12,17,1977.96 ,1178.20 
2015,12,18,1975.32 ,1178.90 
2015,12,21,1981.19 ,1184.30 
2015,12,22,1992.56 ,1178.20 
2015,12,23,1999.22 ,1176.10 
2015,12,24,1990.65 ,1171.70 
2015,12,28,1964.06 ,1171.00 
2015,12,29,1966.31 ,1165.00 
2015,12,30,1961.31 ,1167.70 
2015,12,31,,1172.00 
2016,1,4,1918.76 ,1172.00 
2016,1,5,1930.53 ,1184.30 
2016,1,6,1925.43 ,1187.70 
2016,1,7,1904.33 ,1193.90 
2016,1,8,1917.62 ,1199.70 
2016,1,11,1894.84 ,1196.20 
2016,1,12,1890.86 ,1208.60 
2016,1,13,1916.28 ,1208.50 
2016,1,14,1900.01 ,1206.40 
2016,1,15,1878.87 ,1212.70 
2016,1,18,1878.45 ,1211.00 
2016,1,19,1889.64 ,1212.50 
2016,1,20,1845.45 ,1209.90 
2016,1,21,1840.53 ,1211.60 
2016,1,22,1879.43 ,1209.90 
2016,1,25,1893.43 ,1203.20 
2016,1,26,1871.69 ,1194.40 
2016,1,27,1897.87 ,1201.40 
2016,1,28,1906.94 ,1201.00 
2016,1,29,1912.06 ,1208.40 
2016,2,1,1924.82 ,1206.20 
2016,2,2,1906.06 ,1204.50 
2016,2,3,1890.67 ,1203.10 
2016,2,4,1916.26 ,1216.70 
2016,2,5,1917.79 ,1202.70 
2016,2,11,1861.54 ,1195.10 
2016,2,12,1835.28 ,1197.00 
2016,2,15,1862.20 ,1206.50 
2016,2,16,1888.30 ,1209.90 
2016,2,17,1883.94 ,1216.60 
2016,2,18,1908.84 ,1224.80 
2016,2,19,1916.24 ,1225.70 
2016,2,22,1916.36 ,1233.90 
2016,2,23,1914.22 ,1233.20 
2016,2,24,1912.53 ,1230.10 
2016,2,25,1918.57 ,1234.80 
2016,2,26,1920.16 ,1236.10 
2016,2,29,1916.66 ,1235.40 
2016,3,2,1947.42 ,1240.90 
2016,3,3,1958.17 ,1232.70 
2016,3,4,1955.63 ,1218.90 
2016,3,7,1957.87 ,1208.50 
2016,3,8,1946.12 ,1200.70 
2016,3,9,1952.95 ,1205.20 
2016,3,10,1969.33 ,1214.50 
2016,3,11,1971.41 ,1208.80 
2016,3,14,1972.27 ,1200.10 
2016,3,15,1969.97 ,1186.50 
2016,3,16,1974.90 ,1189.20 
2016,3,17,1987.99 ,1192.70 
2016,3,18,1992.12 ,1174.50 
2016,3,21,1989.76 ,1161.30 
2016,3,22,1996.81 ,1165.30 
2016,3,23,1995.12 ,1159.50 
2016,3,24,1985.97 ,1158.80 
2016,3,25,1983.81 ,1167.10 
2016,3,28,1982.54 ,1169.40 
2016,3,29,1994.91 ,1169.60 
2016,3,30,2002.14 ,1163.00 
2016,3,31,1995.85 ,1153.50 
2016,4,1,1973.57 ,1144.50 
2016,4,4,1978.97 ,1148.90 
2016,4,5,1962.74 ,1147.80 
2016,4,6,1971.32 ,1155.00 
2016,4,7,1973.89 ,1155.90 
2016,4,8,1972.05 ,1154.50 
2016,4,11,1970.37 ,1156.50 
2016,4,12,1981.32 ,1149.20 
2016,4,14,2015.93 ,1144.70 
2016,4,15,2014.71 ,1153.40 
2016,4,18,2009.10 ,1150.70 
2016,4,19,2011.36 ,1151.10 
2016,4,20,2005.83 ,1140.50 
2016,4,21,2022.10 ,1132.30 
2016,4,22,2015.49 ,1134.90 
2016,4,25,2014.55 ,1141.10 
2016,4,26,2019.63 ,1149.70 
2016,4,27,2015.40 ,1149.70 
2016,4,28,2000.93 ,1145.90 
2016,4,29,1994.15 ,1143.90 
2016,5,2,1978.15 ,1138.10 
2016,5,3,1986.41 ,1140.80 
2016,5,4,1976.71 ,1137.10 
2016,5,9,1967.81 ,1153.50 
2016,5,10,1982.50 ,1164.70 
2016,5,11,1980.10 ,1174.00 
2016,5,12,1977.49 ,1168.10 
2016,5,13,1966.99 ,1164.10 
2016,5,16,1967.91 ,1169.40 
2016,5,17,1968.06 ,1178.60 
2016,5,18,1956.73 ,1173.30 
2016,5,19,1946.78 ,1180.90 
2016,5,20,1947.67 ,1190.80 
2016,5,23,1955.25 ,1188.40 
2016,5,24,1937.68 ,1183.10 
2016,5,25,1960.51 ,1188.60 
2016,5,26,1957.06 ,1185.80 
2016,5,27,1969.17 ,1181.00 
2016,5,30,1967.13 ,1179.30 
2016,5,31,1983.40 ,1190.60 
2016,6,1,1982.72 ,1190.50 
2016,6,2,1985.11 ,1192.20 
2016,6,3,1985.84 ,1189.60 
2016,6,7,2011.63 ,1186.50 
2016,6,8,2027.08 ,1163.20 
2016,6,9,2024.17 ,1156.50 
2016,6,10,2017.63 ,1155.80 
2016,6,13,1979.06 ,1163.10 
2016,6,14,1972.03 ,1172.80 
2016,6,15,1968.83 ,1172.50 
2016,6,16,1951.99 ,1176.30 
2016,6,17,1953.40 ,1170.10 
2016,6,20,1981.12 ,1170.80 
2016,6,21,1982.70 ,1163.20 
2016,6,22,1992.58 ,1158.20 
2016,6,23,1986.71 ,1155.70 
2016,6,24,1925.24 ,1151.20 
2016,6,27,1926.85 ,1168.50 
2016,6,28,1936.22 ,1183.30 
2016,6,29,1956.36 ,1175.90 
2016,6,30,1970.35 ,1164.70 
2016,7,1,1987.32 ,1152.60 
2016,7,4,1995.30 ,1147.50 
2016,7,5,1989.85 ,1148.10 
2016,7,6,1953.12 ,1153.00 
2016,7,7,1974.08 ,1165.80 
2016,7,8,1963.10 ,1156.60 
2016,7,11,1988.54 ,1159.20 
2016,7,12,1991.23 ,1147.80 
2016,7,13,2005.55 ,1149.30 
2016,7,14,2008.77 ,1145.70 
2016,7,15,2017.26 ,1141.80 
2016,7,18,2021.11 ,1132.70 
2016,7,19,2016.89 ,1136.30 
2016,7,20,2015.46 ,1138.40 
2016,7,21,2012.22 ,1140.80 
2016,7,22,2010.34 ,1140.20 
2016,7,25,2012.32 ,1135.00 
2016,7,26,2027.34 ,1136.90 
2016,7,27,2025.05 ,1138.40 
2016,7,28,2021.10 ,1134.10 
2016,7,29,2016.19 ,1125.70 
2016,8,1,2029.61 ,1122.40 
2016,8,2,2019.03 ,1111.00 
2016,8,3,1994.79 ,1108.90 
2016,8,4,2000.03 ,1114.00 
2016,8,5,2017.94 ,1113.80 
2016,8,8,2031.12 ,1111.30 
2016,8,9,2043.78 ,1112.70 
2016,8,10,2044.64 ,1107.20 
2016,8,11,2048.80 ,1096.10 
2016,8,12,2050.47 ,1098.60 
2016,8,16,2047.76 ,1101.10 
2016,8,17,2043.75 ,1095.00 
2016,8,18,2055.47 ,1102.30 
2016,8,19,2056.24 ,1106.40 
2016,8,22,2042.16 ,1115.20 
2016,8,23,2049.93 ,1125.30 
2016,8,24,2043.76 ,1117.40 
2016,8,25,2042.92 ,1121.60 
2016,8,26,2037.50 ,1119.00 
2016,8,29,2032.35 ,1113.90 
2016,8,30,2039.74 ,1125.20 
2016,8,31,2034.65 ,1118.50 
2016,9,1,2032.72 ,1117.40 
2016,9,2,2038.31 ,1119.30 
2016,9,5,2060.08 ,1117.60 
2016,9,6,2066.53 ,1108.20 
2016,9,7,2061.88 ,1105.00 
2016,9,8,2063.73 ,1093.20 
2016,9,9,2037.87 ,1093.20 
2016,9,12,1991.48 ,1099.50 
2016,9,13,1999.36 ,1110.60 
2016,9,19,2015.78 ,1112.30 
2016,9,20,2025.71 ,1120.00 
2016,9,21,2035.99 ,1119.50 
2016,9,22,2049.70 ,1116.80 
2016,9,23,2054.07 ,1103.10 
2016,9,26,2047.11 ,1104.20 
2016,9,27,2062.82 ,1106.90 
2016,9,28,2053.06 ,1103.50 
2016,9,29,2068.72 ,1095.70 
2016,9,30,2043.63 ,1096.30 
2016,10,4,2054.86 ,1102.00 
2016,10,5,2053.00 ,1105.10 
2016,10,6,2065.30 ,1113.80 
2016,10,7,2053.80 ,1111.30 
2016,10,10,2056.82 ,1115.70 
2016,10,11,2031.93 ,1111.00 
2016,10,12,2033.73 ,1117.20 
2016,10,13,2015.44 ,1123.30 
2016,10,14,2022.66 ,1130.50 
2016,10,17,2027.61 ,1132.90 
2016,10,18,2040.43 ,1140.30 
2016,10,19,2040.94 ,1132.30 
2016,10,20,2040.60 ,1122.80 
2016,10,21,2033.00 ,1124.00 
2016,10,24,2047.74 ,1134.50 
2016,10,25,2037.17 ,1134.50 
2016,10,26,2013.89 ,1136.50 
2016,10,27,2024.12 ,1132.40 
2016,10,28,2019.42 ,1140.20 
2016,10,31,2008.19 ,1145.20 
2016,11,1,2007.39 ,1144.60 
2016,11,2,1978.94 ,1141.80 
2016,11,3,1983.80 ,1148.70 
2016,11,4,1982.02 ,1140.60 
2016,11,7,1997.58 ,1143.40 
2016,11,8,2003.38 ,1141.60 
2016,11,9,1958.38 ,1137.50 
2016,11,10,2002.60 ,1145.80 
2016,11,11,1984.43 ,1151.00 
2016,11,14,1974.40 ,1164.40 
2016,11,15,1967.53 ,1169.80 
2016,11,16,1979.65 ,1168.80 
2016,11,17,1980.55 ,1167.20 
2016,11,18,1974.58 ,1174.40 
2016,11,21,1966.05 ,1182.30 
2016,11,22,1983.47 ,1183.60 
2016,11,23,1987.95 ,1175.50 
2016,11,24,1971.26 ,1174.90 
2016,11,25,1974.46 ,1182.40 
2016,11,28,1978.13 ,1178.90 
2016,11,29,1978.39 ,1170.30 
2016,11,30,1983.48 ,1168.50 
2016,12,1,1983.75 ,1168.00 
2016,12,2,1970.61 ,1172.60 
2016,12,5,1963.36 ,1170.50 
2016,12,6,1989.86 ,1173.80 
2016,12,7,1991.89 ,1169.50 
2016,12,8,2031.07 ,1169.40 
2016,12,9,2024.69 ,1159.10 
2016,12,12,2027.24 ,1166.20 
2016,12,13,2035.98 ,1170.20 
2016,12,14,2036.87 ,1165.50 
2016,12,15,2036.65 ,1168.30 
2016,12,16,2042.24 ,1180.10 
2016,12,19,2038.39 ,1183.40 
2016,12,20,2041.94 ,1186.40 
2016,12,21,2037.96 ,1191.20 
2016,12,22,2035.73 ,1194.20 
2016,12,23,2035.90 ,1198.00 
2016,12,26,2037.75 ,1202.90 
2016,12,27,2042.17 ,1199.40 
2016,12,28,2024.49 ,1205.30 
2016,12,29,2026.46 ,1207.60 
2016,12,30,,1208.50 
2017,1,2,2026.16 ,1208.50 
2017,1,3,2043.97 ,1207.80 
2017,1,4,2045.64 ,1206.20 
2017,1,5,2041.95 ,1206.70 
2017,1,6,2049.12 ,1191.60 
2017,1,9,2048.78 ,1189.10 
2017,1,10,2045.12 ,1205.50 
2017,1,11,2075.17 ,1198.70 
2017,1,12,2087.14 ,1196.40 
2017,1,13,2076.79 ,1182.80 
2017,1,16,2064.17 ,1177.70 
2017,1,17,2071.87 ,1180.50 
2017,1,18,2070.54 ,1180.90 
2017,1,19,2072.79 ,1165.60 
2017,1,20,2065.61 ,1177.10 
2017,1,23,2065.99 ,1172.50 
2017,1,24,2065.76 ,1166.70 
2017,1,25,2066.94 ,1163.60 
2017,1,26,2083.59 ,1166.20 
2017,1,31,2067.57 ,1157.80 
2017,2,1,2080.48 ,1165.50 
2017,2,2,2071.01 ,1155.20 
2017,2,3,2073.16 ,1149.20 
2017,2,6,2077.66 ,1146.80 
2017,2,7,2075.21 ,1137.70 
2017,2,8,2065.08 ,1142.10 
2017,2,9,2065.88 ,1145.40 
2017,2,10,2075.08 ,1145.70 
2017,2,13,2078.65 ,1151.40 
2017,2,14,2074.57 ,1151.90 
2017,2,15,2083.86 ,1144.50 
2017,2,16,2081.84 ,1141.60 
2017,2,17,2080.58 ,1138.90 
2017,2,20,2084.39 ,1145.30 
2017,2,21,2102.93 ,1147.60 
2017,2,22,2106.61 ,1146.80 
2017,2,23,2107.63 ,1140.90 
2017,2,24,2094.12 ,1138.80 
2017,2,27,2085.52 ,1131.00 
2017,2,28,2091.64 ,1132.10 
2017,3,2,2102.65 ,1132.30 
2017,3,3,2078.75 ,1142.00 
2017,3,6,2081.36 ,1152.70 
2017,3,7,2094.05 ,1156.10 
2017,3,8,2095.41 ,1151.20 
2017,3,9,2091.06 ,1146.60 
2017,3,10,2097.35 ,1156.10 
2017,3,13,2117.59 ,1158.20 
2017,3,14,2133.78 ,1147.70 
2017,3,15,2133.00 ,1147.30 
2017,3,16,2150.08 ,1146.30 
2017,3,17,2164.58 ,1131.70 
2017,3,20,2157.01 ,1131.40 
2017,3,21,2178.38 ,1124.50 
2017,3,22,2168.30 ,1117.50 
2017,3,23,2172.72 ,1123.80 
2017,3,24,2168.95 ,1120.00 
2017,3,27,2155.66 ,1122.70 
2017,3,28,2163.31 ,1114.20 
2017,3,29,2166.98 ,1112.50 
2017,3,30,2164.64 ,1114.00 
2017,3,31,2160.23 ,1116.10 
2017,4,3,2167.51 ,1119.30 
2017,4,4,2161.10 ,1113.80 
2017,4,5,2160.85 ,1118.90 
2017,4,6,2152.75 ,1124.00 
2017,4,7,2151.73 ,1131.00 
2017,4,10,2133.32 ,1134.60 
2017,4,11,2123.85 ,1141.60 
2017,4,12,2128.91 ,1145.80 
2017,4,13,2148.61 ,1145.20 
2017,4,14,2134.88 ,1131.90 
2017,4,17,2145.78 ,1138.80 
2017,4,18,2148.46 ,1136.50 
2017,4,19,2138.40 ,1137.90 
2017,4,20,2149.15 ,1139.80 
2017,4,21,2165.04 ,1141.40 
2017,4,24,2173.74 ,1136.60 
2017,4,25,2196.85 ,1131.70 
2017,4,26,2207.84 ,1130.50 
2017,4,27,2209.46 ,1125.10 
2017,4,28,2205.44 ,1130.10 
2017,5,2,2219.67 ,1133.40 
2017,5,4,2241.24 ,1130.70 
2017,5,8,2292.76 ,1132.10 
2017,5,10,2270.12 ,1132.40 
2017,5,11,2296.37 ,1134.50 
2017,5,12,2286.02 ,1130.40 
2017,5,15,2290.65 ,1126.80 
2017,5,16,2295.33 ,1125.40 
2017,5,17,2293.08 ,1117.70 
2017,5,18,2286.82 ,1118.40 
2017,5,19,2288.48 ,1125.20 
2017,5,22,2304.03 ,1127.50 
2017,5,23,2311.74 ,1117.10 
2017,5,24,2317.34 ,1120.60 
2017,5,25,2342.93 ,1126.60 
2017,5,26,2355.30 ,1118.00 
2017,5,29,2352.97 ,1119.50 
2017,5,30,2343.68 ,1120.10 
2017,5,31,2347.38 ,1123.90 
2017,6,1,2344.61 ,1121.80 
2017,6,2,2371.72 ,1120.40 
2017,6,5,2368.62 ,1120.90 
2017,6,7,2360.14 ,1118.40 
2017,6,8,2363.57 ,1122.00 
2017,6,9,2381.69 ,1125.00 
2017,6,12,2357.87 ,1121.60 
2017,6,13,2374.70 ,1126.00 
2017,6,14,2372.64 ,1128.90 
2017,6,15,2361.65 ,1125.60 
2017,6,16,2361.83 ,1122.80 
2017,6,19,2370.90 ,1133.00 
2017,6,20,2369.23 ,1131.40 
2017,6,21,2357.53 ,1137.00 
2017,6,22,2370.37 ,1142.20 
2017,6,23,2378.60 ,1140.80 
2017,6,26,2388.66 ,1140.10 
2017,6,27,2391.95 ,1135.20 
2017,6,28,2382.56 ,1136.40 
2017,6,29,2395.66 ,1141.70 
2017,6,30,2391.79 ,1139.60 
2017,7,3,2394.48 ,1144.00 
2017,7,4,2380.52 ,1145.00 
2017,7,5,2388.35 ,1149.30 
2017,7,6,2387.81 ,1149.30 
2017,7,7,2379.87 ,1153.50 
2017,7,10,2382.10 ,1155.80 
2017,7,11,2396.00 ,1149.90 
2017,7,12,2391.77 ,1150.10 
2017,7,13,2409.49 ,1145.60 
2017,7,14,2414.63 ,1137.50 
2017,7,17,2425.10 ,1136.00 
2017,7,18,2426.04 ,1128.20 
2017,7,19,2429.94 ,1126.30 
2017,7,20,2441.84 ,1121.80 
2017,7,21,2450.06 ,1124.90 
2017,7,24,2451.53 ,1121.20 
2017,7,25,2439.90 ,1116.10 
2017,7,26,2434.51 ,1116.10 
2017,7,27,2443.24 ,1120.30 
2017,7,28,2400.99 ,1112.50 
2017,7,31,2402.71 ,1119.10 
2017,8,1,2422.96 ,1121.90 
2017,8,2,2427.63 ,1118.00 
2017,8,3,2386.85 ,1123.20 
2017,8,4,2395.45 ,1127.60 
2017,8,7,2398.75 ,1125.40 
2017,8,8,2394.73 ,1127.30 
2017,8,9,2368.39 ,1125.40 
2017,8,10,2359.47 ,1134.70 
2017,8,11,2319.71 ,1141.10 
2017,8,14,2334.22 ,1146.30 
2017,8,16,2348.26 ,1138.20 
2017,8,17,2361.67 ,1139.60 
2017,8,18,2358.37 ,1135.90 
2017,8,21,2355.00 ,1142.00 
2017,8,22,2365.33 ,1138.30 
2017,8,23,2366.40 ,1135.60 
2017,8,24,2375.84 ,1130.90 
2017,8,25,2378.51 ,1127.30 
2017,8,28,2370.30 ,1129.20 
2017,8,29,2364.74 ,1120.40 
2017,8,30,2372.29 ,1126.20 
2017,8,31,2363.19 ,1122.80 
2017,9,1,2357.69 ,1125.80 
2017,9,4,2329.65 ,1122.70 
2017,9,5,2326.62 ,1131.50 
2017,9,6,2319.82 ,1131.30 
2017,9,7,2346.19 ,1133.70 
2017,9,8,2343.72 ,1129.60 
2017,9,11,2359.08 ,1126.80 
2017,9,12,2365.47 ,1129.50 
2017,9,13,2360.18 ,1129.80 
2017,9,14,2377.66 ,1127.50 
2017,9,15,2386.07 ,1132.50 
2017,9,18,2418.21 ,1133.50 
2017,9,19,2416.05 ,1127.90 
2017,9,20,2412.20 ,1130.00 
2017,9,21,2406.50 ,1129.10 
2017,9,22,2388.71 ,1132.80 
2017,9,25,2380.40 ,1136.30 
2017,9,26,2374.32 ,1130.70 
2017,9,27,2372.57 ,1136.30 
2017,9,28,2373.14 ,1139.40 
2017,9,29,2394.47 ,1146.70 
2017,10,10,2433.81 ,1145.70 
2017,10,11,2458.16 ,1138.20 
2017,10,12,2474.76 ,1135.20 
2017,10,13,2473.62 ,1133.70 
2017,10,16,2480.05 ,1130.80 
2017,10,17,2484.37 ,1127.30 
2017,10,18,2482.91 ,1131.40 
2017,10,19,2473.06 ,1130.40 
2017,10,20,2489.54 ,1132.30 
2017,10,23,2490.05 ,1131.90 
2017,10,24,2490.49 ,1131.90 
2017,10,25,2492.50 ,1128.30 
2017,10,26,2480.63 ,1128.30 
2017,10,27,2496.63 ,1124.70 
2017,10,30,2501.93 ,1130.00 
2017,10,31,2523.43 ,1125.00 
2017,11,1,2556.47 ,1121.20 
2017,11,2,2546.36 ,1116.80 
2017,11,3,2557.97 ,1113.30 
2017,11,6,2549.41 ,1112.70 
2017,11,7,2545.44 ,1116.70 
2017,11,8,2552.40 ,1111.60 
2017,11,9,2550.57 ,1114.30 
2017,11,10,2542.95 ,1114.30 
2017,11,13,2530.35 ,1117.20 
2017,11,14,2526.64 ,1120.70 
2017,11,15,2518.25 ,1118.50 
2017,11,16,2534.79 ,1114.40 
2017,11,17,2533.99 ,1104.10 
2017,11,20,2527.67 ,1096.10 
2017,11,21,2530.70 ,1098.90 
2017,11,22,2540.51 ,1097.30 
2017,11,23,2537.15 ,1091.30 
2017,11,24,2544.33 ,1088.20 
2017,11,27,2507.81 ,1085.00 
2017,11,28,2514.19 ,1087.60 
2017,11,29,2512.90 ,1088.30 
2017,11,30,2476.37 ,1082.40 
2017,12,1,2475.41 ,1085.10 
2017,12,4,2501.67 ,1087.10 
2017,12,5,2510.12 ,1088.30 
2017,12,6,2474.37 ,1084.30 
2017,12,7,2461.98 ,1091.90 
2017,12,8,2464.00 ,1092.70 
2017,12,11,2471.49 ,1093.40 
2017,12,12,2461.00 ,1092.40 
2017,12,13,2480.55 ,1090.10 
2017,12,14,2469.48 ,1091.90 
2017,12,15,2482.07 ,1086.70 
2017,12,18,2481.88 ,1089.30 
2017,12,19,2478.53 ,1089.10 
2017,12,20,2472.37 ,1086.80 
2017,12,21,2429.83 ,1082.90 
2017,12,22,2440.54 ,1080.60 
2017,12,26,2427.34 ,1079.20 
2017,12,27,2436.67 ,1077.10 
2017,12,28,2467.49 ,1075.20 
2017,12,29,,1071.40 
2018,1,2,2479.65 ,1071.40 
2018,1,3,2486.35 ,1064.30 
2018,1,4,2466.46 ,1065.40 
2018,1,5,2497.52 ,1065.50 
2018,1,8,2513.28 ,1062.10 
2018,1,9,2510.23 ,1065.20 
2018,1,10,2499.75 ,1067.10 
2018,1,11,2487.91 ,1070.70 
2018,1,12,2496.42 ,1071.20 
2018,1,15,2503.73 ,1064.70 
2018,1,16,2521.74 ,1061.30 
2018,1,17,2515.43 ,1064.00 
2018,1,18,2515.81 ,1065.80 
2018,1,19,2520.26 ,1069.40 
2018,1,22,2502.11 ,1067.30 
2018,1,23,2536.60 ,1068.90 
2018,1,24,2538.00 ,1069.70 
2018,1,25,2562.23 ,1070.60 
2018,1,26,2574.76 ,1061.70 
2018,1,29,2598.19 ,1064.80 
2018,1,30,2567.74 ,1064.80 
2018,1,31,2566.46 ,1071.50 
2018,2,1,2568.54 ,1071.00 
2018,2,2,2525.39 ,1071.10 
2018,2,5,2491.75 ,1076.70 
2018,2,6,2453.31 ,1089.80 
2018,2,7,2396.56 ,1094.30 
2018,2,8,2407.62 ,1083.30 
2018,2,9,2363.77 ,1087.80 
2018,2,12,2385.38 ,1092.70 
2018,2,13,2395.19 ,1083.40 
2018,2,14,2421.83 ,1082.80 
2018,2,19,2442.82 ,1079.90 
2018,2,20,2415.12 ,1068.00 
2018,2,21,2429.65 ,1070.30 
2018,2,22,2414.28 ,1075.30 
2018,2,23,2451.52 ,1082.90 
2018,2,26,2457.65 ,1078.50 
2018,2,27,2456.14 ,1073.70 
2018,2,28,2427.36 ,1071.00 
2018,3,2,2402.16 ,1081.90 
2018,3,5,2375.06 ,1081.30 
2018,3,6,2411.41 ,1080.50 
2018,3,7,2401.82 ,1075.40 
2018,3,8,2433.08 ,1068.70 
2018,3,9,2459.45 ,1068.40 
2018,3,12,2484.12 ,1069.20 
2018,3,13,2494.49 ,1064.30 
2018,3,14,2486.08 ,1065.80 
2018,3,15,2492.38 ,1065.80 
2018,3,16,2493.97 ,1065.80 
2018,3,19,2475.03 ,1069.60 
2018,3,20,2485.52 ,1071.20 
2018,3,21,2484.97 ,1071.00 
2018,3,22,2496.02 ,1071.40 
2018,3,23,2416.76 ,1069.20 
2018,3,26,2437.08 ,1080.80 
2018,3,27,2452.06 ,1081.20 
2018,3,28,2419.29 ,1072.20 
2018,3,29,2436.37 ,1069.40 
2018,3,30,2445.85 ,1066.50 
2018,4,2,2444.16 ,1064.40 
2018,4,3,2442.43 ,1058.10 
2018,4,4,2408.06 ,1057.80 
2018,4,5,2437.52 ,1057.60 
2018,4,6,2429.58 ,1059.50 
2018,4,9,2444.08 ,1066.00 
2018,4,10,2450.74 ,1067.50 
2018,4,11,2444.22 ,1067.70 
2018,4,12,2442.71 ,1066.40 
2018,4,13,2455.07 ,1068.70 
2018,4,16,2457.49 ,1070.00 
2018,4,17,2453.77 ,1073.10 
2018,4,18,2479.98 ,1068.40 
2018,4,19,2486.10 ,1066.50 
2018,4,20,2476.33 ,1063.50 
2018,4,23,2474.11 ,1067.30 
2018,4,24,2464.14 ,1068.90 
2018,4,25,2448.81 ,1076.90 
2018,4,26,2475.64 ,1078.70 
2018,4,27,2492.40 ,1079.70 
2018,4,30,2515.38 ,1076.20 
2018,5,2,2505.61 ,1067.50 
2018,5,3,2487.25 ,1074.90 
2018,5,4,2461.38 ,1076.50 
2018,5,8,2449.81 ,1076.70 
2018,5,9,2443.98 ,1078.20 
2018,5,10,2464.16 ,1081.30 
2018,5,11,2477.71 ,1075.30 
2018,5,14,2476.11 ,1068.60 
2018,5,15,2458.54 ,1066.60 
2018,5,16,2459.82 ,1072.60 
2018,5,17,2448.45 ,1078.70 
2018,5,18,2460.65 ,1079.30 
2018,5,21,2465.57 ,1080.00 
2018,5,23,2471.91 ,1083.80 
2018,5,24,2466.01 ,1078.80 
2018,5,25,2460.80 ,1079.70 
2018,5,28,2478.96 ,1078.70 
2018,5,29,2457.25 ,1073.20 
2018,5,30,2409.03 ,1076.10 
2018,5,31,2423.01 ,1081.30 
2018,6,1,2438.96 ,1076.40 
2018,6,4,2447.76 ,1076.00 
2018,6,5,2453.76 ,1070.90 
2018,6,7,2470.58 ,1069.60 
2018,6,8,2451.58 ,1067.90 
2018,6,11,2470.15 ,1073.20 
2018,6,12,2468.83 ,1073.50 
2018,6,14,2423.48 ,1075.10 
2018,6,15,2404.04 ,1082.50 
2018,6,18,2376.24 ,1091.40 
2018,6,19,2340.11 ,1104.40 
2018,6,20,2363.91 ,1105.50 
2018,6,21,2337.83 ,1108.00 
2018,6,22,2357.22 ,1109.00 
2018,6,25,2357.88 ,1108.90 
2018,6,26,2350.92 ,1116.10 
2018,6,27,2342.03 ,1115.20 
2018,6,28,2314.24 ,1117.90 
2018,6,29,2326.13 ,1121.70 
2018,7,2,2271.54 ,1117.20 
2018,7,3,2272.76 ,1117.40 
2018,7,4,2265.46 ,1121.10 
2018,7,5,2257.55 ,1115.30 
2018,7,6,2272.87 ,1118.40 
2018,7,9,2285.80 ,1117.80 
2018,7,10,2294.16 ,1112.30 
2018,7,11,2280.62 ,1113.80 
2018,7,12,2285.06 ,1120.80 
2018,7,13,2310.90 ,1127.80 
2018,7,16,2301.99 ,1123.40 
2018,7,17,2297.92 ,1128.70 
2018,7,18,2290.11 ,1125.20 
2018,7,19,2282.29 ,1128.90 
2018,7,20,2289.19 ,1131.20 
2018,7,23,2269.31 ,1134.80 
2018,7,24,2280.20 ,1128.50 
2018,7,25,2273.03 ,1135.20 
2018,7,26,2289.06 ,1127.50 
2018,7,27,2294.99 ,1119.60 
2018,7,30,2293.51 ,1120.00 
2018,7,31,2295.26 ,1116.70 
2018,8,1,2307.07 ,1117.90 
2018,8,2,2270.20 ,1119.30 
2018,8,3,2287.68 ,1122.60 
2018,8,6,2286.50 ,1128.10 
2018,8,7,2300.16 ,1123.50 
2018,8,8,2301.45 ,1125.70 
2018,8,9,2303.71 ,1118.80 
2018,8,10,2282.79 ,1117.90 
2018,8,13,2248.45 ,1126.30 
2018,8,14,2258.91 ,1133.70 
2018,8,16,2240.80 ,1132.10 
2018,8,17,2247.05 ,1130.70 
2018,8,20,2247.88 ,1125.60 
2018,8,21,2270.06 ,1121.70 
2018,8,22,2273.33 ,1118.20 
2018,8,23,2282.60 ,1118.70 
2018,8,24,2293.21 ,1120.80 
2018,8,27,2299.30 ,1121.80 
2018,8,28,2303.12 ,1114.30 
2018,8,29,2309.03 ,1110.00 
2018,8,30,2307.35 ,1108.80 
2018,8,31,2322.88 ,1108.80 
2018,9,3,2307.03 ,1113.30 
2018,9,4,2315.72 ,1113.50 
2018,9,5,2291.77 ,1114.20 
2018,9,6,2287.61 ,1117.60 
2018,9,7,2281.58 ,1121.20 
2018,9,10,2288.66 ,1123.10 
2018,9,11,2283.20 ,1128.10 
2018,9,12,2282.92 ,1126.80 
2018,9,13,2286.23 ,1127.30 
2018,9,14,2318.25 ,1121.20 
2018,9,17,2303.01 ,1119.20 
2018,9,18,2308.98 ,1126.20 
2018,9,19,2308.46 ,1126.30 
2018,9,20,2323.45 ,1123.00 
2018,9,21,2339.17 ,1119.90 
2018,9,27,2355.43 ,1116.60 
2018,9,28,2343.07 ,1112.70 
2018,10,1,2338.88 ,1110.20 
2018,10,2,2309.57 ,1110.90 
2018,10,4,2274.49 ,1116.40 
2018,10,5,2267.52 ,1128.30 
2018,10,8,2253.83 ,1130.70 
2018,10,10,2228.61 ,1131.70 
2018,10,11,2129.67 ,1132.50 
2018,10,12,2161.85 ,1142.50 
2018,10,15,2145.12 ,1133.30 
2018,10,16,2145.12 ,1133.40 
2018,10,17,2167.51 ,1128.10 
2018,10,18,2148.31 ,1125.00 
2018,10,19,2156.26 ,1132.60 
2018,10,22,2161.71 ,1134.30 
2018,10,23,2106.10 ,1130.90 
2018,10,24,2097.58 ,1135.80 
2018,10,25,2063.30 ,1132.20 
2018,10,26,2027.15 ,1138.50 
2018,10,29,1996.05 ,1140.60 
2018,10,30,2014.69 ,1138.60 
2018,10,31,2029.69 ,1140.60 
2018,11,1,2024.46 ,1139.20 
2018,11,2,2096.00 ,1138.80 
2018,11,5,2076.92 ,1125.50 
2018,11,6,2089.62 ,1122.70 
2018,11,7,2078.69 ,1122.50 
2018,11,8,2092.63 ,1120.90 
2018,11,9,2086.09 ,1118.40 
2018,11,12,2080.44 ,1125.70 
2018,11,13,2071.23 ,1132.00 
2018,11,14,2068.05 ,1135.70 
2018,11,15,2088.06 ,1132.40 
2018,11,16,2092.40 ,1130.30 
2018,11,19,2100.56 ,1128.70 
2018,11,20,2082.58 ,1127.40 
2018,11,21,2076.55 ,1127.50 
2018,11,22,2069.95 ,1131.30 
2018,11,23,2057.48 ,1129.00 
2018,11,26,2083.02 ,1130.50 
2018,11,27,2099.42 ,1129.90 
2018,11,28,2108.22 ,1129.70 
2018,11,29,2114.10 ,1128.90 
2018,11,30,2096.86 ,1121.80 
2018,12,3,2131.93 ,1120.30 
2018,12,4,2114.35 ,1113.70 
2018,12,5,2101.31 ,1109.80 
2018,12,6,2068.69 ,1113.60 
2018,12,7,2075.76 ,1117.80 
2018,12,10,2053.79 ,1118.20 
2018,12,11,2052.97 ,1124.70 
2018,12,12,2082.57 ,1129.40 
2018,12,13,2095.55 ,1127.60 
2018,12,14,2069.38 ,1124.00 
2018,12,17,2071.09 ,1129.20 
2018,12,18,2062.11 ,1131.60 
2018,12,19,2078.84 ,1129.90 
2018,12,20,2060.12 ,1125.10 
2018,12,21,2061.49 ,1128.90 
2018,12,24,2055.01 ,1123.90 
2018,12,26,2028.01 ,1125.20 
2018,12,27,2028.44 ,1125.60 
2018,12,28,2041.04 ,1121.30 
2018,12,31,,1118.10 
2019,1,2,2010.00 ,1118.10 
2019,1,3,1993.70 ,1119.00 
2019,1,4,2010.25 ,1127.50 
2019,1,7,2037.10 ,1125.20 
2019,1,8,2025.27 ,1118.00 
2019,1,9,2064.71 ,1121.70 
2019,1,10,2063.28 ,1121.60 
2019,1,11,2075.57 ,1118.90 
2019,1,14,2064.52 ,1117.60 
2019,1,15,2097.18 ,1121.40 
2019,1,16,2106.10 ,1120.10 
2019,1,17,2107.06 ,1122.00 
2019,1,18,2124.28 ,1121.40 
2019,1,21,2124.61 ,1121.30 
2019,1,22,2117.77 ,1126.50 
2019,1,23,2127.78 ,1130.20 
2019,1,24,2145.03 ,1128.20 
2019,1,25,2177.73 ,1128.00 
2019,1,28,2177.30 ,1125.10 
2019,1,29,2183.36 ,1116.90 
2019,1,30,2206.20 ,1118.10 
2019,1,31,2204.85 ,1117.20 
2019,2,1,2203.46 ,1111.60 
2019,2,7,2203.42 ,1116.80 
2019,2,8,2177.05 ,1123.40 
2019,2,11,2180.73 ,1124.50 
2019,2,12,2190.47 ,1124.50 
2019,2,13,2201.48 ,1124.60 
2019,2,14,2225.85 ,1121.70 
2019,2,15,2196.09 ,1125.00 
2019,2,18,2210.89 ,1127.70 
2019,2,19,2205.63 ,1124.70 
2019,2,20,2229.76 ,1127.50 
2019,2,21,2228.66 ,1122.60 
2019,2,22,2230.50 ,1124.40 
2019,2,25,2232.56 ,1125.70 
2019,2,26,2226.60 ,1120.80 
2019,2,27,2234.79 ,1118.30 
2019,2,28,2195.44 ,1117.80 
2019,3,4,2190.66 ,1119.90 
2019,3,5,2179.23 ,1125.00 
2019,3,6,2175.60 ,1125.80 
2019,3,7,2165.79 ,1127.80 
2019,3,8,2137.44 ,1128.30 
2019,3,11,2138.10 ,1134.00 
2019,3,12,2157.18 ,1134.50 
2019,3,13,2148.41 ,1128.70 
2019,3,14,2155.68 ,1131.50 
2019,3,15,2176.11 ,1132.70 
2019,3,18,2179.49 ,1136.10 
2019,3,19,2177.62 ,1133.70 
2019,3,20,2177.10 ,1130.90 
2019,3,21,2184.88 ,1130.40 
2019,3,22,2186.95 ,1125.80 
2019,3,25,2144.86 ,1129.80 
2019,3,26,2148.80 ,1134.90 
2019,3,27,2145.62 ,1132.10 
2019,3,28,2128.10 ,1134.70 
2019,3,29,2140.67 ,1137.80 
2019,4,1,2168.28 ,1136.10 
2019,4,2,2177.18 ,1132.70 
2019,4,3,2203.27 ,1135.80 
2019,4,4,2206.53 ,1134.90 
2019,4,5,2209.61 ,1135.50 
2019,4,8,2210.60 ,1136.40 
2019,4,9,2213.56 ,1141.40 
2019,4,10,2224.39 ,1142.80 
2019,4,11,2224.44 ,1141.20 
2019,4,12,2233.45 ,1139.20 
2019,4,15,2242.88 ,1140.50 
2019,4,16,2248.63 ,1133.90 
2019,4,17,2245.89 ,1135.70 
2019,4,18,2213.77 ,1136.10 
2019,4,19,2216.15 ,1136.20 
2019,4,22,2216.65 ,1137.10 
2019,4,23,2220.51 ,1140.80 
2019,4,24,2201.03 ,1141.10 
2019,4,25,2190.50 ,1146.90 
2019,4,26,2179.31 ,1158.70 
2019,4,29,2216.43 ,1159.70 
2019,4,30,2203.59 ,1158.20 
2019,5,2,2212.75 ,1163.80 
2019,5,3,2196.32 ,1163.90 
2019,5,7,2176.99 ,1169.40 
2019,5,8,2168.01 ,1169.80 
2019,5,9,2102.01 ,1169.90 
2019,5,10,2108.04 ,1175.80 
2019,5,13,2079.01 ,1178.10 
2019,5,14,2081.84 ,1183.10 
2019,5,15,2092.78 ,1187.00 
2019,5,16,2067.69 ,1189.40 
2019,5,17,2055.80 ,1189.80 
2019,5,20,2055.71 ,1192.70 
2019,5,21,2061.25 ,1192.90 
2019,5,22,2064.86 ,1193.30 
2019,5,23,2059.59 ,1194.60 
2019,5,24,2045.31 ,1191.20 
2019,5,27,2044.21 ,1189.60 
2019,5,28,2048.83 ,1184.10 
2019,5,29,2023.32 ,1187.60 
2019,5,30,2038.80 ,1193.10 
2019,5,31,2041.74 ,1190.00 
2019,6,3,2067.85 ,1191.20 
2019,6,4,2066.97 ,1183.00 
2019,6,5,2069.11 ,1181.50 
2019,6,7,2072.33 ,1179.80 
2019,6,10,2099.49 ,1179.50 
2019,6,11,2111.81 ,1184.00 
2019,6,12,2108.75 ,1181.70 
2019,6,13,2103.15 ,1181.70 
2019,6,14,2095.41 ,1184.70 
2019,6,17,2090.73 ,1184.00 
2019,6,18,2098.71 ,1186.30 
2019,6,19,2124.78 ,1185.00 
2019,6,20,2131.29 ,1177.00 
2019,6,21,2125.62 ,1167.70 
2019,6,24,2126.33 ,1162.00 
2019,6,25,2121.64 ,1157.90 
2019,6,26,2121.85 ,1154.70 
2019,6,27,2134.32 ,1158.20 
2019,6,28,2130.62 ,1156.80 
2019,7,1,2129.74 ,1156.40 
2019,7,2,2122.02 ,1155.40 
2019,7,3,2096.02 ,1164.80 
2019,7,4,2108.73 ,1170.40 
2019,7,5,2110.59 ,1169.20 
2019,7,8,2064.17 ,1170.40 
2019,7,9,2052.03 ,1178.50 
2019,7,10,2058.78 ,1179.90 
2019,7,11,2080.58 ,1181.40 
2019,7,12,2086.66 ,1173.80 
2019,7,15,2082.48 ,1177.30 
2019,7,16,2091.87 ,1179.20 
2019,7,17,2072.92 ,1178.50 
2019,7,18,2066.55 ,1180.40 
2019,7,19,2094.36 ,1179.50 
2019,7,22,2093.34 ,1173.40 
2019,7,23,2101.45 ,1177.60 
2019,7,24,2082.30 ,1178.40 
2019,7,25,2074.48 ,1178.20 
2019,7,26,2066.26 ,1179.80 
2019,7,29,2029.48 ,1184.20 
2019,7,30,2038.68 ,1183.40 
2019,7,31,2024.55 ,1182.00 
2019,8,1,2017.34 ,1181.90 
2019,8,2,1998.13 ,1188.50 
2019,8,5,1946.98 ,1194.80 
2019,8,6,1917.50 ,1211.80 
2019,8,7,1909.71 ,1214.30 
2019,8,8,1920.61 ,1214.50 
2019,8,9,1937.75 ,1211.30 
2019,8,12,1942.29 ,1209.70 
2019,8,13,1925.83 ,1215.60 
2019,8,14,1938.37 ,1218.90 
2019,8,16,1927.17 ,1211.70 
2019,8,19,1939.90 ,1213.30 
2019,8,20,1960.25 ,1210.70 
2019,8,21,1964.65 ,1210.20 
2019,8,22,1951.01 ,1204.00 
2019,8,23,1948.30 ,1205.10 
2019,8,26,1916.31 ,1212.20 
2019,8,27,1924.60 ,1218.20 
2019,8,28,1941.09 ,1213.10 
2019,8,29,1933.41 ,1213.50 
2019,8,30,1967.79 ,1215.20 
2019,9,2,1969.19 ,1209.60 
2019,9,3,1965.69 ,1211.90 
2019,9,4,1988.53 ,1215.20 
2019,9,5,2004.75 ,1209.70 
2019,9,6,2009.13 ,1199.60 
2019,9,9,2019.55 ,1196.90 
2019,9,10,2032.08 ,1192.40 
2019,9,11,2049.20 ,1191.90 
2019,9,16,2062.22 ,1191.40 
2019,9,17,2062.33 ,1184.00 
2019,9,18,2070.73 ,1188.30 
2019,9,19,2080.35 ,1190.50 
2019,9,20,2091.52 ,1195.10 
2019,9,23,2091.70 ,1191.10 
2019,9,24,2101.04 ,1193.10 
2019,9,25,2073.39 ,1194.00 
2019,9,26,2074.52 ,1198.30 
2019,9,27,2049.93 ,1199.10 
2019,9,30,2063.05 ,1201.30 
2019,10,1,2072.42 ,1199.20 
2019,10,2,2031.91 ,1198.20 
2019,10,4,2020.69 ,1203.70 
2019,10,7,2021.73 ,1197.00 
2019,10,8,2046.25 ,1196.50 
2019,10,10,2028.15 ,1194.70 
2019,10,11,2044.61 ,1196.10 
2019,10,14,2067.40 ,1189.30 
2019,10,15,2068.17 ,1183.70 
2019,10,16,2082.83 ,1184.10 
2019,10,17,2077.94 ,1187.00 
2019,10,18,2060.69 ,1186.60 
2019,10,21,2064.84 ,1180.50 
2019,10,22,2088.86 ,1175.40 
2019,10,23,2080.62 ,1171.40 
2019,10,24,2085.66 ,1173.70 
2019,10,25,2087.89 ,1171.00 
2019,10,28,2093.60 ,1174.20 
2019,10,29,2092.69 ,1169.60 
2019,10,30,2080.27 ,1166.50 
2019,10,31,2083.48 ,1168.40 
2019,11,1,2100.20 ,1161.70 
2019,11,4,2130.24 ,1167.60 
2019,11,5,2142.64 ,1160.40 
2019,11,6,2144.15 ,1160.10 
2019,11,7,2144.29 ,1157.50 
2019,11,8,2137.23 ,1160.60 
2019,11,11,2124.09 ,1156.10 
2019,11,12,2140.92 ,1161.30 
2019,11,13,2122.45 ,1163.50 
2019,11,14,2139.23 ,1167.60 
2019,11,15,2162.18 ,1170.40 
2019,11,18,2160.69 ,1166.30 
2019,11,19,2153.24 ,1164.50 
2019,11,20,2125.32 ,1168.60 
2019,11,21,2096.60 ,1170.10 
2019,11,22,2101.96 ,1176.50 
2019,11,25,2123.50 ,1177.80 
2019,11,26,2121.35 ,1176.20 
2019,11,27,2127.85 ,1174.40 
2019,11,28,2118.60 ,1176.00 
2019,11,29,2087.96 ,1179.30 
2019,12,2,2091.92 ,1180.30 
2019,12,3,2084.07 ,1180.40 
2019,12,4,2068.89 ,1186.20 
2019,12,5,2060.74 ,1193.70 
2019,12,6,2081.85 ,1190.20 
2019,12,9,2088.65 ,1189.70 
2019,12,10,2098.00 ,1189.30 
2019,12,11,2105.62 ,1192.00 
2019,12,12,2137.35 ,1193.30 
2019,12,13,2170.25 ,1188.60 
2019,12,16,2168.15 ,1171.70 
2019,12,17,2195.68 ,1172.90 
2019,12,18,2194.76 ,1166.70 
2019,12,19,2196.56 ,1165.30 
2019,12,20,2204.18 ,1164.50 
2019,12,23,2203.71 ,1162.60 
2019,12,24,2190.08 ,1161.70 
2019,12,26,2197.93 ,1163.70 
2019,12,27,2204.21 ,1161.20 
2019,12,30,2197.67 ,1160.90 
2019,12,31,,1157.80 
2020,1,2,2175.17 ,1157.80 
2020,1,3,2176.46 ,1156.90 
2020,1,6,2155.07 ,1162.70 
2020,1,7,2175.54 ,1169.60 
2020,1,8,2151.31 ,1165.30 
2020,1,9,2186.45 ,1174.10 
2020,1,10,2206.39 ,1160.00 
2020,1,13,2229.26 ,1161.10 
2020,1,14,2238.88 ,1155.70 
2020,1,15,2230.98 ,1153.10 
2020,1,16,2248.05 ,1158.80 
2020,1,17,2250.57 ,1159.60 
2020,1,20,2262.64 ,1158.80 
2020,1,21,2239.69 ,1158.80 
2020,1,22,2267.25 ,1164.70 
2020,1,23,2246.13 ,1165.10 
2020,1,28,2176.72 ,1167.20 
2020,1,29,2185.28 ,1176.70 
2020,1,30,2148.00 ,1176.00 
2020,1,31,2119.01 ,1183.50 
2020,2,3,2118.88 ,1187.80 
2020,2,4,2157.90 ,1196.00 
2020,2,5,2165.63 ,1189.40 
2020,2,6,2227.94 ,1188.50 
2020,2,7,2211.95 ,1181.40 
2020,2,10,2201.07 ,1187.20 
2020,2,11,2223.12 ,1189.80 
2020,2,12,2238.38 ,1184.10 
2020,2,13,2232.96 ,1179.80 
2020,2,14,2243.59 ,1181.50 
2020,2,17,2242.17 ,1183.50 
2020,2,18,2208.88 ,1182.20 
2020,2,19,2210.34 ,1188.10 
2020,2,20,2195.50 ,1190.80 
2020,2,21,2162.84 ,1197.00 
2020,2,24,2079.04 ,1205.60 
2020,2,25,2103.61 ,1217.70 
2020,2,26,2076.77 ,1212.70 
2020,2,27,2054.89 ,1216.80 
2020,2,28,1987.01 ,1215.90 
2020,3,2,2002.51 ,1215.30 
2020,3,3,2014.15 ,1200.30 
2020,3,4,2059.33 ,1191.40 
2020,3,5,2085.26 ,1186.40 
2020,3,6,2040.22 ,1185.00 
2020,3,9,1954.77 ,1191.40 
2020,3,10,1962.93 ,1201.40 
2020,3,11,1908.27 ,1196.70 
2020,3,12,1834.33 ,1192.80 
2020,3,13,1771.44 ,1202.00 
2020,3,16,1714.86 ,1222.20 
2020,3,17,1672.44 ,1219.60 
2020,3,18,1591.20 ,1241.20 
2020,3,19,1457.64 ,1237.80 
2020,3,20,1566.15 ,1280.10 
2020,3,23,1482.46 ,1254.10 
2020,3,24,1609.97 ,1274.60 
2020,3,25,1704.76 ,1256.00 
2020,3,26,1686.24 ,1230.70 
2020,3,27,1717.73 ,1227.90 
2020,3,30,1717.12 ,1212.40 
2020,3,31,1754.64 ,1222.60 
2020,4,1,1685.46 ,1220.00 
2020,4,2,1724.86 ,1222.20 
2020,4,3,1725.44 ,1237.60 
2020,4,6,1791.88 ,1229.80 
2020,4,7,1823.60 ,1233.40 
2020,4,8,1807.14 ,1222.40 
2020,4,9,1836.21 ,1219.70 
2020,4,10,1860.70 ,1216.40 
2020,4,13,1825.76 ,1212.30 
2020,4,14,1857.08 ,1218.70 
2020,4,16,1857.07 ,1216.70 
2020,4,17,1914.53 ,1227.50 
2020,4,20,1898.36 ,1219.30 
2020,4,21,1879.38 ,1218.70 
2020,4,22,1896.15 ,1231.30 
2020,4,23,1914.73 ,1235.20 
2020,4,24,1889.01 ,1232.00 
2020,4,27,1922.77 ,1235.80 
2020,4,28,1934.09 ,1230.30 
2020,4,29,1947.56 ,1225.20 
2020,5,4,1895.37 ,1218.50 
2020,5,6,1928.76 ,1227.80 
2020,5,7,1928.61 ,1223.30 
2020,5,8,1945.82 ,1226.50 
2020,5,11,1935.40 ,1217.70 
2020,5,12,1922.17 ,1217.80 
2020,5,13,1940.42 ,1226.70 
2020,5,14,1924.96 ,1226.30 
2020,5,15,1927.28 ,1227.90 
2020,5,18,1937.11 ,1229.30 
2020,5,19,1980.61 ,1231.60 
2020,5,20,1989.64 ,1224.50 
2020,5,21,1998.31 ,1227.80 
2020,5,22,1970.13 ,1230.70 
2020,5,25,1994.60 ,1236.20 
2020,5,26,2029.78 ,1242.00 
2020,5,27,2031.20 ,1237.10 
2020,5,28,2028.54 ,1233.70 
2020,5,29,2029.60 ,1239.40 
2020,6,1,2065.08 ,1237.60 
2020,6,2,2087.19 ,1227.80 
2020,6,3,2147.00 ,1224.10 
2020,6,4,2151.18 ,1216.90 
2020,6,5,2181.87 ,1217.40 
2020,6,8,2184.29 ,1213.10 
2020,6,9,2188.92 ,1204.20 
2020,6,10,2195.69 ,1197.70 
2020,6,11,2176.78 ,1194.40 
2020,6,12,2132.30 ,1192.80 
2020,6,15,2030.82 ,1206.60 
2020,6,16,2138.05 ,1210.80 
2020,6,17,2141.05 ,1206.60 
2020,6,18,2133.48 ,1214.50 
2020,6,19,2141.32 ,1213.00 
2020,6,22,2126.73 ,1212.00 
2020,6,23,2131.24 ,1213.20 
2020,6,24,2161.51 ,1210.10 
2020,6,25,2112.37 ,1202.90 
2020,6,26,2134.65 ,1205.20 
2020,6,29,2093.48 ,1198.60 
2020,6,30,2108.33 ,1200.70 
2020,7,1,2106.70 ,1198.50 
2020,7,2,2135.37 ,1201.60 
2020,7,3,2152.41 ,1201.00 
2020,7,6,2187.93 ,1200.40 
2020,7,7,2164.17 ,1196.80 
2020,7,8,2158.88 ,1192.90 
2020,7,9,2167.90 ,1195.80 
2020,7,10,2150.25 ,1194.50 
2020,7,13,2186.06 ,1202.40 
2020,7,14,2183.61 ,1200.30 
2020,7,15,2201.88 ,1206.40 
2020,7,16,2183.76 ,1200.70 
2020,7,17,2201.19 ,1204.10 
2020,7,20,2198.20 ,1205.70 
2020,7,21,2228.83 ,1203.70 
2020,7,22,2228.66 ,1198.10 
2020,7,23,2216.19 ,1193.70 
2020,7,24,2200.44 ,1198.50 
2020,7,27,2217.86 ,1201.30 
2020,7,28,2256.99 ,1196.60 
2020,7,29,2263.16 ,1195.10 
2020,7,30,2267.01 ,1195.20 
2020,7,31,2249.37 ,1191.40 
2020,8,3,2251.04 ,1189.10 
2020,8,4,2279.97 ,1193.70 
2020,8,5,2311.86 ,1193.50 
2020,8,6,2342.61 ,1190.30 
2020,8,7,2351.67 ,1184.30 
2020,8,10,2386.38 ,1185.90 
2020,8,11,2418.67 ,1186.70 
2020,8,12,2432.35 ,1184.90 
2020,8,13,2437.53 ,1186.00 
2020,8,14,2407.49 ,1183.60 
2020,8,18,2348.24 ,1185.80 
2020,8,19,2360.54 ,1185.10 
2020,8,20,2274.22 ,1182.30 
2020,8,21,2304.59 ,1186.30 
2020,8,24,2329.83 ,1185.30 
2020,8,25,2366.73 ,1190.00 
2020,8,26,2369.32 ,1186.30 
2020,8,27,2344.45 ,1187.00 
2020,8,28,2353.80 ,1185.70 
2020,8,31,2326.17 ,1185.10 
2020,9,1,2349.55 ,1183.30 
2020,9,2,2364.27 ,1184.60 
2020,9,3,2395.90 ,1186.20 
2020,9,4,2368.25 ,1187.50 
2020,9,7,2384.22 ,1190.20 
2020,9,8,2401.91 ,1187.20 
2020,9,9,2375.81 ,1187.90 
2020,9,10,2396.48 ,1189.60 
2020,9,11,2396.69 ,1185.30 
2020,9,14,2427.91 ,1188.30 
2020,9,15,2443.58 ,1184.20 
2020,9,16,2435.92 ,1180.50 
2020,9,17,2406.17 ,1177.80 
2020,9,18,2412.40 ,1175.40 
2020,9,21,2389.39 ,1163.60 
2020,9,22,2332.59 ,1160.60 
2020,9,23,2333.24 ,1163.90 
2020,9,24,2272.70 ,1164.40 
2020,9,25,2278.79 ,1170.30 
2020,9,28,2308.08 ,1170.50 
2020,9,29,2327.89 ,1173.50 
2020,10,5,2358.00 ,1169.50 
2020,10,6,2365.90 ,1163.40 
2020,10,7,2386.94 ,1160.00 
2020,10,8,2391.96 ,1162.50 
2020,10,12,2403.73 ,1156.20 
2020,10,13,2403.15 ,1148.30 
2020,10,14,2380.48 ,1149.50 
2020,10,15,2361.21 ,1145.70 
2020,10,16,2341.53 ,1144.60 
2020,10,19,2346.74 ,1145.60 
2020,10,20,2358.41 ,1142.20 
2020,10,21,2370.86 ,1139.70 
2020,10,22,2355.05 ,1133.70 
2020,10,23,2360.81 ,1134.10 
2020,10,26,2343.91 ,1134.60 
2020,10,27,2330.84 ,1129.10 
2020,10,28,2345.26 ,1127.60 
2020,10,29,2326.67 ,1129.30 
2020,10,30,2267.15 ,1133.40 
2020,11,2,2300.16 ,1130.40 
2020,11,3,2343.31 ,1134.70 
2020,11,4,2357.32 ,1134.60 
2020,11,5,2413.79 ,1136.50 
2020,11,6,2416.50 ,1130.90 
2020,11,9,2447.20 ,1124.40 
2020,11,10,2452.83 ,1115.60 
2020,11,11,2485.87 ,1115.90 
2020,11,12,2475.62 ,1112.40 
2020,11,13,2493.87 ,1113.20 
2020,11,16,2543.03 ,1115.10 
2020,11,17,2539.15 ,1108.00 
2020,11,18,2545.64 ,1106.80 
2020,11,19,2547.42 ,1105.90 
2020,11,20,2553.50 ,1112.20 
2020,11,23,2602.59 ,1114.20 
2020,11,24,2617.76 ,1112.60 
2020,11,25,2601.54 ,1111.20 
2020,11,26,2625.91 ,1107.20 
2020,11,27,2633.45 ,1105.80 
2020,11,30,2591.34 ,1104.40 
2020,12,1,2634.25 ,1104.90 
2020,12,2,2675.90 ,1107.10 
2020,12,3,2696.22 ,1103.30 
2020,12,4,2731.45 ,1098.10 
2020,12,7,2745.44 ,1086.60 
2020,12,8,2700.93 ,1082.70 
2020,12,9,2755.47 ,1084.40 
2020,12,10,2746.46 ,1083.60 
2020,12,11,2770.06 ,1086.20 
2020,12,14,2762.20 ,1089.30 
2020,12,15,2756.82 ,1090.80 
2020,12,16,2771.79 ,1093.20 
2020,12,17,2770.43 ,1092.20 
2020,12,18,2772.18 ,1092.80 
2020,12,21,2778.65 ,1097.90 
2020,12,22,2733.68 ,1101.20 
2020,12,23,2759.82 ,1106.60 
2020,12,24,2806.86 ,1108.90 
2020,12,28,2808.60 ,1103.70 
2020,12,29,2820.51 ,1098.20 
2020,12,30,2873.47 ,1093.20 
2020,12,31,,1088.00 
2021,1,4,2944.45 ,1088.00 
2021,1,5,2990.57 ,1083.10 
2021,1,6,2968.21 ,1086.10 
2021,1,7,3031.68 ,1086.80 
2021,1,8,3152.18 ,1087.70 
2021,1,11,3148.45 ,1094.40 
2021,1,12,3125.95 ,1097.80 
2021,1,13,3148.29 ,1099.90 
2021,1,14,3149.93 ,1095.00 
2021,1,15,3085.90 ,1100.30 
2021,1,18,3013.93 ,1097.90 
2021,1,19,3092.66 ,1104.40 
2021,1,20,3114.55 ,1102.10 
2021,1,21,3160.84 ,1100.00 
2021,1,22,3140.63 ,1099.20 
2021,1,25,3208.99 ,1102.30 
2021,1,26,3140.31 ,1103.20 
2021,1,27,3122.56 ,1103.00 
2021,1,28,3069.05 ,1104.00 
2021,1,29,2976.21 ,1114.60 
2021,2,1,3056.53 ,1117.20 
2021,2,2,3096.81 ,1118.00 
2021,2,3,3129.68 ,1116.60 
2021,2,4,3087.55 ,1114.00 
2021,2,5,3120.63 ,1116.70 
2021,2,8,3091.24 ,1124.00 
2021,2,9,3084.67 ,1119.10 
2021,2,10,3100.58 ,1116.00 
2021,2,15,3147.00 ,1110.10 
2021,2,16,3163.25 ,1103.10 
2021,2,17,3133.73 ,1099.70 
2021,2,18,3086.66 ,1107.70 
2021,2,19,3107.62 ,1105.70 
2021,2,22,3079.75 ,1107.10 
2021,2,23,3070.09 ,1106.50 
2021,2,24,2994.98 ,1110.80 
2021,2,25,3099.69 ,1110.20 
2021,2,26,3012.95 ,1108.40 
2021,3,2,3043.87 ,1121.80 
2021,3,3,3082.99 ,1121.30 
2021,3,4,3043.49 ,1122.90 
2021,3,5,3026.26 ,1126.20 
2021,3,8,2996.11 ,1129.40 
2021,3,9,2976.12 ,1131.30 
2021,3,10,2958.12 ,1141.10 
2021,3,11,3013.70 ,1140.70 
2021,3,12,3054.39 ,1137.30 
2021,3,15,3045.71 ,1130.70 
2021,3,16,3067.17 ,1135.90 
2021,3,17,3047.50 ,1132.50 
2021,3,18,3066.01 ,1131.80 
2021,3,19,3039.53 ,1123.70 
2021,3,22,3035.46 ,1131.80 
2021,3,23,3004.74 ,1131.30 
2021,3,24,2996.35 ,1128.00 
2021,3,25,3008.33 ,1133.50 
2021,3,26,3041.01 ,1134.20 
2021,3,29,3036.04 ,1131.80 
2021,3,30,3070.00 ,1131.70 
2021,3,31,3061.42 ,1133.50 
2021,4,1,3087.40 ,1132.60 
2021,4,2,3112.80 ,1129.30 
2021,4,5,3120.83 ,1127.50 
2021,4,6,3127.08 ,1127.80 
2021,4,7,3137.41 ,1122.90 
2021,4,8,3143.26 ,1116.40 
2021,4,9,3131.88 ,1118.50 
2021,4,12,3135.59 ,1117.20 
2021,4,13,3169.08 ,1124.30 
2021,4,14,3182.38 ,1126.10 
2021,4,15,3194.33 ,1119.90 
2021,4,16,3198.62 ,1117.60 
2021,4,19,3198.84 ,1117.90 
2021,4,20,3220.70 ,1118.20 
2021,4,21,3171.66 ,1113.40 
2021,4,22,3177.52 ,1117.40 
2021,4,23,3186.10 ,1116.30 
2021,4,26,3217.53 ,1118.90 
2021,4,27,3215.42 ,1114.00 
2021,4,28,3181.47 ,1110.80 
2021,4,29,3174.07 ,1112.50 
2021,4,30,3147.86 ,1107.40 
2021,5,3,3127.20 ,1109.60 
2021,5,4,3147.37 ,1119.30 
2021,5,6,3178.74 ,1121.10 
2021,5,7,3197.20 ,1125.50 
2021,5,10,3249.30 ,1121.40 
2021,5,11,3209.43 ,1114.60 
2021,5,12,3161.66 ,1119.10 
2021,5,13,3122.11 ,1123.50 
2021,5,14,3153.32 ,1130.60 
2021,5,17,3134.52 ,1129.50 
2021,5,18,3173.05 ,1133.00 
2021,5,20,3162.28 ,1133.10 
2021,5,21,3156.42 ,1132.20 
2021,5,24,3144.30 ,1126.90 
2021,5,25,3171.32 ,1127.60 
2021,5,26,3168.43 ,1122.80 
2021,5,27,3165.51 ,1118.60 
2021,5,28,3188.73 ,1118.00 
2021,5,31,3203.92 ,1116.00 
2021,6,1,3221.87 ,1113.50 
2021,6,2,3224.23 ,1107.00 
2021,6,3,3247.43 ,1110.30 
2021,6,4,3240.08 ,1111.80 
2021,6,7,3252.12 ,1117.50 
2021,6,8,3247.83 ,1111.20 
2021,6,9,3216.18 ,1113.70 
2021,6,10,3224.64 ,1115.80 
2021,6,11,3249.32 ,1115.00 
2021,6,14,3252.13 ,1111.20 
2021,6,15,3258.63 ,1116.40 
2021,6,16,3278.68 ,1117.80 
2021,6,17,3264.96 ,1117.70 
2021,6,18,3267.93 ,1129.50 
2021,6,21,3240.79 ,1132.20 
2021,6,22,3263.88 ,1135.40 
2021,6,23,3276.19 ,1132.40 
2021,6,24,3286.10 ,1135.60 
2021,6,25,3302.84 ,1135.80 
2021,6,28,3301.89 ,1128.80 
2021,6,29,3286.68 ,1129.90 
2021,6,30,3296.68 ,1130.00 
2021,7,1,3282.06 ,1129.50 
2021,7,2,3281.78 ,1132.20 
2021,7,5,3293.21 ,1134.50 
2021,7,6,3305.21 ,1130.30 
2021,7,7,3285.34 ,1131.80 
2021,7,8,3252.68 ,1137.60 
2021,7,9,3217.95 ,1143.40 
2021,7,12,3246.47 ,1148.30 
2021,7,13,3271.38 ,1146.40 
2021,7,14,3264.81 ,1145.10 
2021,7,15,3286.22 ,1150.30 
2021,7,16,3276.91 ,1143.70 
2021,7,19,3244.04 ,1141.10 
2021,7,20,3232.70 ,1145.70 
2021,7,21,3215.91 ,1151.00 
2021,7,22,3250.21 ,1150.60 
2021,7,23,3254.42 ,1151.00 
2021,7,26,3224.95 ,1149.50 
2021,7,27,3232.53 ,1153.20 
2021,7,28,3236.86 ,1150.20 
2021,7,29,3242.65 ,1154.80 
2021,7,30,3202.32 ,1147.40 
2021,8,2,3223.04 ,1147.50 
2021,8,3,3237.14 ,1151.50 
2021,8,4,3280.38 ,1150.70 
2021,8,5,3276.13 ,1145.80 
2021,8,6,3270.36 ,1143.50 
2021,8,9,3260.42 ,1142.30 
2021,8,10,3243.19 ,1145.00 
2021,8,11,3220.62 ,1148.50 
2021,8,12,3208.38 ,1155.00 
2021,8,13,3171.29 ,1158.90 
2021,8,17,3143.09 ,1167.80 
2021,8,18,3158.93 ,1174.90 
2021,8,19,3097.83 ,1172.70 
2021,8,20,3060.51 ,1174.50 
2021,8,23,3090.21 ,1176.70 
2021,8,24,3138.30 ,1174.00 
2021,8,25,3146.81 ,1168.00 
2021,8,26,3128.53 ,1166.50 
2021,8,27,3133.90 ,1168.10 
2021,8,30,3144.19 ,1170.80 
2021,8,31,3199.27 ,1164.40 
2021,9,1,3207.02 ,1162.80 
2021,9,2,3175.85 ,1157.50 
2021,9,3,3201.06 ,1159.70 
2021,9,6,3203.33 ,1156.40 
2021,9,7,3187.42 ,1157.30 
2021,9,8,3162.99 ,1157.90 
2021,9,9,3114.70 ,1164.50 
2021,9,10,3125.76 ,1170.10 
2021,9,13,3127.86 ,1170.40 
2021,9,14,3148.83 ,1174.30 
2021,9,15,3153.40 ,1172.20 
2021,9,16,3130.09 ,1171.70 
2021,9,17,3140.51 ,1169.10 
2021,9,23,3127.58 ,1177.60 
2021,9,24,3125.24 ,1181.70 
2021,9,27,3133.64 ,1175.30 
2021,9,28,3097.92 ,1175.90 
2021,9,29,3060.27 ,1182.00 
2021,9,30,3068.82 ,1184.90 
2021,10,1,3019.18 ,1185.20 
2021,10,5,2962.17 ,1187.20 
2021,10,6,2908.31 ,1187.10 
2021,10,7,2959.46 ,1190.00 
2021,10,8,2956.30 ,1190.30 
2021,10,12,2916.38 ,1193.40 
2021,10,13,2944.41 ,1199.10 
2021,10,14,2988.64 ,1195.00 
2021,10,15,3015.06 ,1188.30 
2021,10,18,3006.68 ,1182.80 
2021,10,19,3029.04 ,1185.80 
2021,10,20,3013.13 ,1181.70 
2021,10,21,3007.33 ,1175.60 
2021,10,22,3006.16 ,1175.80 
2021,10,25,3020.54 ,1178.40 
2021,10,26,3049.08 ,1171.80 
2021,10,27,3025.49 ,1166.30 
2021,10,28,3009.55 ,1168.10 
2021,10,29,2970.68 ,1171.70 
2021,11,1,2978.94 ,1169.60 
2021,11,2,3013.49 ,1176.30 
2021,11,3,2975.71 ,1175.50 
2021,11,4,2983.22 ,1181.10 
2021,11,5,2969.27 ,1180.00 
2021,11,8,2960.20 ,1185.20 
